Time,EAR,MAR,Blinks,Yawns,Drowsy
1771687230.21,0.239,0.143,0,0,0
1771687230.37,0.242,0.0,0,0,0
1771687230.43,0.233,0.0,0,0,0
1771687230.5,0.244,0.016,0,0,0
1771687230.56,0.221,0.0,0,0,0
1771687230.62,0.226,0.016,0,0,0
1771687230.7,0.233,0.016,0,0,0
1771687230.77,0.249,0.032,0,0,0
1771687230.83,0.261,0.035,0,0,0
1771687230.89,0.262,0.014,0,0,0
1771687230.95,0.247,0.0,0,0,0
1771687231.0,0.307,0.0,0,0,0
1771687231.08,0.254,0.0,0,0,0
1771687231.14,0.269,0.043,0,0,0
1771687231.2,0.286,0.02,0,0,0
1771687231.27,0.179,0.014,0,0,0
1771687231.33,0.238,0.0,0,0,0
1771687231.4,0.193,0.0,0,0,0
1771687231.48,0.181,0.0,0,0,0
1771687231.54,0.244,0.0,0,0,0
1771687231.6,0.222,0.018,0,0,0
1771687231.67,0.236,0.019,0,0,0
1771687231.73,0.235,0.0,0,0,0
1771687231.81,0.228,0.0,0,0,0
1771687231.87,0.248,0.0,0,0,0
1771687231.94,0.27,0.0,0,0,0
1771687232.0,0.234,0.0,0,0,0
1771687232.06,0.228,0.018,0,0,0
1771687232.13,0.227,0.033,0,0,0
1771687232.21,0.205,0.027,0,0,0
1771687232.27,0.216,0.019,0,0,0
1771687232.34,0.221,0.0,0,0,0
1771687232.4,0.228,0.0,0,0,0
1771687232.49,0.274,0.0,0,0,0
1771687232.56,0.268,0.0,0,0,0
1771687232.62,0.294,0.0,0,0,0
1771687232.68,0.215,0.018,0,0,0
1771687232.75,0.233,0.02,0,0,0
1771687232.77,0.269,0.019,0,0,0
1771687232.83,0.261,0.0,0,0,0
1771687232.89,0.261,0.0,0,0,0
1771687232.97,0.289,0.02,0,0,0
1771687233.04,0.307,0.02,0,0,0
1771687233.1,0.298,0.021,0,0,0
1771687233.16,0.279,0.0,0,0,0
1771687233.23,0.275,0.0,0,0,0
1771687233.29,0.273,0.0,0,0,0
1771687233.37,0.284,0.0,0,0,0
1771687233.44,0.28,0.019,0,0,0
1771687233.54,0.277,0.0,0,0,0
1771687233.6,0.289,0.0,0,0,0
1771687233.66,0.296,0.0,0,0,0
1771687233.75,0.301,0.0,0,0,0
1771687233.81,0.289,0.0,0,0,0
1771687233.88,0.297,0.0,0,0,0
1771687233.9,0.293,0.02,0,0,0
1771687234.01,0.318,0.028,0,0,0
1771687234.03,0.318,0.0,0,0,0
1771687234.15,0.292,0.0,0,0,0
1771687234.22,0.299,0.021,0,0,0
1771687234.27,0.288,0.029,0,0,0
1771687234.34,0.281,0.0,0,0,0
1771687234.4,0.285,0.029,0,0,0
1771687234.43,0.293,0.0,0,0,0
1771687234.55,0.284,0.021,0,0,0
1771687234.62,0.284,0.0,0,0,0
1771687234.68,0.276,0.02,0,0,0
1771687234.74,0.293,0.03,0,0,0
1771687234.81,0.291,0.0,0,0,0
1771687234.87,0.291,0.0,0,0,0
1771687234.95,0.29,0.0,0,0,0
1771687235.01,0.305,0.0,0,0,0
1771687235.36,0.306,0.0,0,0,0
1771687235.41,0.263,0.02,0,0,0
1771687235.47,0.251,0.0,0,0,0
1771687235.54,0.275,0.02,0,0,0
1771687235.6,0.24,0.0,0,0,0
1771687235.67,0.264,0.021,0,0,0
1771687235.75,0.28,0.02,0,0,0
1771687235.81,0.276,0.0,0,0,0
1771687235.84,0.289,0.0,0,0,0
1771687235.9,0.286,0.0,0,0,0
1771687235.97,0.292,0.0,0,0,0
1771687236.05,0.311,0.0,0,0,0
1771687236.11,0.276,0.02,0,0,0
1771687236.17,0.281,0.02,0,0,0
1771687236.23,0.296,0.0,0,0,0
1771687236.35,0.296,0.02,0,0,0
1771687236.41,0.3,0.0,0,0,0
1771687236.49,0.293,0.0,0,0,0
1771687236.55,0.284,0.0,0,0,0
1771687236.57,0.294,0.019,0,0,0
1771687236.63,0.284,0.019,0,0,0
1771687236.7,0.275,0.019,0,0,0
1771687236.81,0.284,0.02,0,0,0
1771687236.89,0.276,0.0,0,0,0
1771687236.95,0.285,0.0,0,0,0
1771687237.01,0.298,0.02,0,0,0
1771687237.07,0.297,0.019,0,0,0
1771687237.14,0.292,0.019,0,0,0
1771687238.88,0.294,0.028,0,0,0
1771687238.93,0.301,0.0,0,0,0
1771687238.99,0.173,0.0,0,0,0
1771687239.04,0.207,0.019,0,0,0
1771687239.1,0.251,0.0,0,0,0
1771687239.15,0.246,0.0,0,0,0
1771687239.22,0.262,0.0,0,0,0
1771687239.28,0.258,0.0,0,0,0
1771687239.34,0.25,0.019,0,0,0
1771687239.41,0.279,0.0,0,0,0
1771687239.48,0.286,0.02,0,0,0
1771687239.54,0.286,0.0,0,0,0
1771687239.62,0.266,0.0,0,0,0
1771687239.69,0.263,0.019,0,0,0
1771687239.75,0.235,0.0,0,0,0
1771687239.81,0.122,0.0,0,0,0
1771687239.87,0.18,0.02,0,0,0
1771687239.96,0.263,0.0,0,0,0
1771687240.02,0.316,0.0,0,0,0
1771687240.08,0.273,0.02,0,0,0
1771687240.14,0.165,0.0,0,0,0
1771687240.21,0.237,0.026,0,0,0
1771687240.27,0.286,0.016,0,0,0
1771687240.35,0.297,0.0,0,0,0
1771687240.42,0.253,0.0,0,0,0
1771687240.48,0.3,0.014,0,0,0
1771687240.54,0.289,0.013,0,0,0
1771687240.61,0.424,0.0,0,0,0
1771687240.68,0.361,0.014,0,0,0
1771687240.82,0.309,0.017,0,0,0
1771687240.88,0.317,0.0,0,0,0
1771687240.95,0.381,0.021,0,0,0
1771687241.01,0.361,0.0,0,0,0
1771687241.07,0.328,0.015,0,0,0
1771687241.16,0.187,0.043,0,0,0
1771687241.22,0.23,0.014,0,0,0
1771687241.28,0.129,0.071,0,0,0
1771687241.34,0.184,0.183,0,0,0
1771687241.41,0.119,0.0,0,0,0
1771687241.48,0.131,0.08,0,0,0
1771687241.56,0.131,0.0,0,0,0
1771687241.62,0.156,0.019,0,0,0
1771687241.68,0.14,0.014,0,0,0
1771687241.74,0.086,0.0,0,0,0
1771687241.81,0.133,0.0,0,0,0
1771687241.89,0.258,0.013,1,0,0
1771687241.95,0.293,0.04,1,0,0
1771687242.02,0.295,0.013,1,0,0
1771687242.08,0.294,0.026,1,0,0
1771687242.15,0.29,0.068,1,0,0
1771687242.21,0.285,0.069,1,0,0
1771687242.29,0.278,0.068,1,0,0
1771687242.36,0.278,0.055,1,0,0
1771687242.42,0.285,0.054,1,0,0
1771687242.48,0.291,0.0,1,0,0
1771687242.55,0.303,0.0,1,0,0
1771687242.61,0.288,0.0,1,0,0
1771687242.69,0.283,0.0,1,0,0
1771687242.75,0.313,0.0,1,0,0
1771687242.82,0.316,0.013,1,0,0
1771687242.9,0.315,0.0,1,0,0
1771687242.96,0.323,0.0,1,0,0
1771687243.02,0.339,0.014,1,0,0
1771687243.09,0.322,0.0,1,0,0
1771687243.15,0.319,0.0,1,0,0
1771687243.22,0.327,0.03,1,0,0
1771687243.28,0.319,0.0,1,0,0
1771687243.35,0.309,0.0,1,0,0
1771687243.41,0.285,0.014,1,0,0
1771687243.49,0.294,0.031,1,0,0
1771687243.56,0.31,0.041,1,0,0
1771687243.62,0.297,0.027,1,0,0
1771687243.68,0.304,0.019,1,0,0
1771687243.74,0.302,0.0,1,0,0
1771687243.83,0.303,0.02,1,0,0
1771687243.89,0.311,0.0,1,0,0
1771687243.96,0.308,0.0,1,0,0
1771687244.02,0.305,0.014,1,0,0
1771687244.1,0.317,0.014,1,0,0
1771687244.15,0.301,0.014,1,0,0
1771687244.22,0.309,0.0,1,0,0
1771687244.29,0.312,0.014,1,0,0
1771687244.35,0.315,0.0,1,0,0
1771687244.42,0.312,0.014,1,0,0
1771687244.48,0.297,0.014,1,0,0
1771687244.55,0.293,0.0,1,0,0
1771687244.62,0.291,0.0,1,0,0
1771687244.69,0.262,0.03,1,0,0
1771687244.76,0.264,0.019,1,0,0
1771687244.82,0.275,0.043,1,0,0
1771687244.88,0.279,0.0,1,0,0
1771687244.95,0.287,0.0,1,0,0
1771687245.03,0.272,0.0,1,0,0
1771687245.09,0.267,0.0,1,0,0
1771687245.16,0.265,0.014,1,0,0
1771687245.22,0.27,0.0,1,0,0
1771687245.29,0.282,0.0,1,0,0
1771687245.34,0.274,0.0,1,0,0
1771687245.42,0.27,0.0,1,0,0
1771687245.49,0.277,0.013,1,0,0
1771687245.55,0.277,0.054,1,0,0
1771687245.62,0.275,0.013,1,0,0
1771687245.68,0.188,0.027,1,0,0
1771687245.77,0.242,0.013,1,0,0
1771687245.83,0.287,0.0,1,0,0
1771687245.89,0.291,0.013,1,0,0
1771687245.95,0.303,0.013,1,0,0
1771687246.02,0.328,0.0,1,0,0
1771687246.08,0.314,0.0,1,0,0
1771687246.16,0.306,0.019,1,0,0
1771687246.23,0.304,0.014,1,0,0
1771687246.29,0.301,0.0,1,0,0
1771687246.35,0.316,0.0,1,0,0
1771687246.42,0.3,0.03,1,0,0
1771687246.49,0.262,0.083,1,0,0
1771687246.56,0.262,0.056,1,0,0
1771687246.63,0.258,0.013,1,0,0
1771687246.69,0.279,0.077,1,0,0
1771687246.76,0.246,0.027,1,0,0
1771687246.82,0.298,0.028,1,0,0
1771687246.88,0.301,0.031,1,0,0
1771687246.96,0.288,0.0,1,0,0
1771687247.03,0.317,0.0,1,0,0
1771687247.09,0.305,0.0,1,0,0
1771687247.16,0.288,0.0,1,0,0
1771687247.22,0.27,0.0,1,0,0
1771687247.28,0.269,0.0,1,0,0
1771687247.36,0.266,0.0,1,0,0
1771687247.43,0.273,0.014,1,0,0
1771687247.49,0.247,0.0,1,0,0
1771687247.56,0.286,0.0,1,0,0
1771687247.62,0.301,0.0,1,0,0
1771687247.69,0.317,0.014,1,0,0
1771687247.76,0.312,0.0,1,0,0
1771687247.82,0.29,0.014,1,0,0
1771687247.89,0.281,0.039,1,0,0
1771687247.96,0.285,0.076,1,0,0
1771687248.02,0.287,0.084,1,0,0
1771687248.12,0.315,0.067,1,0,0
1771687248.17,0.315,0.053,1,0,0
1771687248.23,0.305,0.0,1,0,0
1771687248.29,0.318,0.014,1,0,0
1771687248.36,0.311,0.014,1,0,0
1771687248.42,0.327,0.03,1,0,0
1771687248.5,0.333,0.027,1,0,0
1771687248.57,0.317,0.027,1,0,0
1771687248.63,0.329,0.014,1,0,0
1771687248.69,0.34,0.044,1,0,0
1771687248.75,0.329,0.028,1,0,0
1771687248.82,0.33,0.042,1,0,0
1771687248.9,0.325,0.03,1,0,0
1771687248.96,0.332,0.013,1,0,0
1771687249.03,0.329,0.055,1,0,0
1771687249.09,0.337,0.053,1,0,0
1771687249.15,0.335,0.054,1,0,0
1771687249.22,0.325,0.043,1,0,0
1771687249.3,0.332,0.013,1,0,0
1771687249.36,0.336,0.055,1,0,0
1771687249.43,0.336,0.027,1,0,0
1771687249.49,0.343,0.03,1,0,0
1771687249.56,0.33,0.014,1,0,0
1771687249.62,0.343,0.031,1,0,0
1771687249.7,0.34,0.031,1,0,0
1771687249.76,0.348,0.03,1,0,0
1771687249.82,0.337,0.042,1,0,0
1771687249.89,0.341,0.067,1,0,0
1771687249.96,0.343,0.068,1,0,0
1771687250.04,0.307,0.042,1,0,0
1771687250.1,0.305,0.04,1,0,0
1771687250.16,0.302,0.013,1,0,0
1771687250.22,0.285,0.03,1,0,0
1771687250.29,0.297,0.04,1,0,0
1771687250.36,0.306,0.027,1,0,0
1771687250.43,0.303,0.03,1,0,0
1771687250.5,0.284,0.027,1,0,0
1771687250.56,0.133,0.013,1,0,0
1771687250.62,0.225,0.04,1,0,0
1771687250.69,0.274,0.147,1,0,0
1771687250.76,0.3,0.07,1,0,0
1771687250.83,0.309,0.041,1,0,0
1771687250.9,0.315,0.019,1,0,0
1771687250.96,0.298,0.014,1,0,0
1771687251.02,0.309,0.014,1,0,0
1771687251.09,0.304,0.069,1,0,0
1771687251.16,0.292,0.027,1,0,0
1771687251.24,0.29,0.031,1,0,0
1771687251.3,0.295,0.028,1,0,0
1771687251.36,0.302,0.014,1,0,0
1771687251.42,0.324,0.028,1,0,0
1771687251.49,0.317,0.0,1,0,0
1771687251.55,0.31,0.019,1,0,0
1771687251.63,0.3,0.0,1,0,0
1771687251.7,0.327,0.014,1,0,0
1771687251.76,0.322,0.027,1,0,0
1771687251.83,0.298,0.0,1,0,0
1771687251.89,0.318,0.0,1,0,0
1771687251.97,0.303,0.014,1,0,0
1771687252.04,0.319,0.0,1,0,0
1771687252.1,0.35,0.015,1,0,0
1771687252.16,0.333,0.014,1,0,0
1771687252.23,0.32,0.073,1,0,0
1771687252.29,0.314,0.0,1,0,0
1771687252.37,0.284,0.014,1,0,0
1771687252.43,0.263,0.014,1,0,0
1771687252.5,0.26,0.031,1,0,0
1771687252.56,0.273,0.014,1,0,0
1771687252.63,0.266,0.0,1,0,0
1771687252.69,0.279,0.014,1,0,0
1771687252.77,0.279,0.014,1,0,0
1771687252.83,0.324,0.0,1,0,0
1771687252.9,0.348,0.055,1,0,0
1771687252.96,0.311,0.095,1,0,0
1771687253.03,0.358,0.168,1,0,0
1771687253.09,0.326,0.186,1,0,0
1771687253.17,0.338,0.143,1,0,0
1771687253.25,0.327,0.056,1,0,0
1771687253.31,0.366,0.014,1,0,0
1771687253.37,0.317,0.0,1,0,0
1771687253.43,0.305,0.0,1,0,0
1771687253.49,0.293,0.014,1,0,0
1771687253.57,0.283,0.032,1,0,0
1771687253.63,0.296,0.014,1,0,0
1771687253.7,0.299,0.042,1,0,0
1771687253.76,0.299,0.0,1,0,0
1771687253.83,0.305,0.0,1,0,0
1771687253.91,0.195,0.0,1,0,0
1771687253.97,0.097,0.014,1,0,0
1771687254.03,0.214,0.014,1,0,0
1771687254.1,0.265,0.044,1,0,0
1771687254.16,0.284,0.044,1,0,0
1771687254.23,0.29,0.111,1,0,0
1771687254.3,0.303,0.101,1,0,0
1771687254.37,0.307,0.111,1,0,0
1771687254.43,0.292,0.029,1,0,0
1771687254.5,0.286,0.015,1,0,0
1771687254.56,0.287,0.06,1,0,0
1771687254.63,0.285,0.076,1,0,0
1771687254.71,0.283,0.029,1,0,0
1771687254.77,0.247,0.0,1,0,0
1771687254.84,0.172,0.0,1,0,0
1771687254.9,0.297,0.0,1,0,0
1771687254.96,0.317,0.0,1,0,0
1771687255.02,0.315,0.043,1,0,0
1771687255.11,0.296,0.0,1,0,0
1771687255.17,0.301,0.0,1,0,0
1771687255.23,0.31,0.0,1,0,0
1771687255.3,0.309,0.0,1,0,0
1771687255.36,0.302,0.014,1,0,0
1771687255.43,0.313,0.096,1,0,0
1771687255.51,0.341,0.057,1,0,0
1771687255.58,0.327,0.0,1,0,0
1771687255.63,0.322,0.027,1,0,0
1771687255.7,0.32,0.046,1,0,0
1771687255.76,0.334,0.0,1,0,0
1771687255.85,0.34,0.02,1,0,0
1771687255.9,0.315,0.014,1,0,0
1771687255.97,0.313,0.0,1,0,0
1771687256.03,0.31,0.0,1,0,0
1771687256.1,0.294,0.0,1,0,0
1771687256.16,0.334,0.0,1,0,0
1771687256.25,0.319,0.0,1,0,0
1771687256.31,0.328,0.014,1,0,0
1771687256.37,0.304,0.02,1,0,0
1771687256.43,0.282,0.058,1,0,0
1771687256.5,0.308,0.028,1,0,0
1771687256.57,0.282,0.0,1,0,0
1771687256.64,0.295,0.0,1,0,0
1771687256.7,0.301,0.014,1,0,0
1771687256.78,0.311,0.014,1,0,0
1771687256.83,0.308,0.02,1,0,0
1771687256.9,0.306,0.014,1,0,0
1771687256.96,0.294,0.029,1,0,0
1771687257.05,0.304,0.029,1,0,0
1771687257.11,0.27,0.021,1,0,0
1771687257.17,0.255,0.014,1,0,0
1771687257.23,0.269,0.02,1,0,0
1771687257.3,0.266,0.0,1,0,0
1771687257.36,0.271,0.0,1,0,0
1771687257.44,0.267,0.014,1,0,0
1771687257.51,0.272,0.0,1,0,0
1771687257.57,0.267,0.014,1,0,0
1771687257.63,0.276,0.014,1,0,0
1771687257.7,0.271,0.014,1,0,0
1771687257.76,0.282,0.014,1,0,0
1771687257.84,0.28,0.014,1,0,0
1771687257.91,0.285,0.014,1,0,0
1771687257.97,0.274,0.014,1,0,0
1771687258.04,0.293,0.056,1,0,0
1771687258.1,0.291,0.044,1,0,0
1771687258.18,0.284,0.0,1,0,0
1771687258.25,0.29,0.0,1,0,0
1771687258.31,0.275,0.014,1,0,0
1771687258.37,0.29,0.0,1,0,0
1771687258.46,0.297,0.0,1,0,0
1771687258.52,0.293,0.0,1,0,0
1771687258.59,0.283,0.014,1,0,0
1771687258.64,0.293,0.0,1,0,0
1771687258.71,0.282,0.014,1,0,0
1771687258.77,0.295,0.0,1,0,0
1771687258.83,0.287,0.0,1,0,0
1771687258.9,0.301,0.015,1,0,0
1771687258.98,0.304,0.0,1,0,0
1771687259.04,0.297,0.015,1,0,0
1771687259.1,0.306,0.014,1,0,0
1771687259.17,0.295,0.015,1,0,0
1771687259.24,0.295,0.015,1,0,0
1771687259.3,0.302,0.021,1,0,0
1771687259.38,0.295,0.015,1,0,0
1771687259.46,0.307,0.015,1,0,0
1771687259.53,0.292,0.014,1,0,0
1771687259.6,0.3,0.014,1,0,0
1771687259.66,0.3,0.0,1,0,0
1771687259.72,0.295,0.0,1,0,0
1771687259.78,0.307,0.0,1,0,0
1771687259.84,0.305,0.014,1,0,0
1771687259.91,0.307,0.014,1,0,0
1771687259.94,0.295,0.014,1,0,0
1771687260.0,0.299,0.014,1,0,0
1771687260.12,0.291,0.02,1,0,0
1771687260.19,0.29,0.029,1,0,0
1771687260.25,0.268,0.032,1,0,0
1771687260.31,0.239,0.014,1,0,0
1771687260.37,0.247,0.112,1,0,0
1771687260.44,0.223,0.067,1,0,0
1771687260.52,0.233,0.026,1,0,0
1771687260.59,0.249,0.014,1,0,0
1771687260.64,0.25,0.0,1,0,0
1771687260.71,0.223,0.015,1,0,0
1771687260.78,0.235,0.0,1,0,0
1771687260.84,0.253,0.0,1,0,0
1771687260.92,0.222,0.0,1,0,0
1771687260.98,0.294,0.016,1,0,0
1771687261.05,0.286,0.016,1,0,0
1771687261.11,0.275,0.016,1,0,0
1771687261.17,0.265,0.025,1,0,0
1771687261.24,0.296,0.0,1,0,0
1771687261.32,0.28,0.016,1,0,0
1771687261.38,0.311,0.015,1,0,0
1771687261.45,0.289,0.0,1,0,0
1771687261.5,0.314,0.016,1,0,0
1771687261.59,0.303,0.016,1,0,0
1771687261.66,0.287,0.0,1,0,0
1771687261.74,0.264,0.024,1,0,0
1771687261.8,0.274,0.018,1,0,0
1771687261.86,0.349,0.0,1,0,0
1771687261.91,0.292,0.021,1,0,0
1771687262.06,0.1,0.019,1,0,0
1771687262.11,0.13,0.021,1,0,0
1771687262.18,0.159,0.02,1,0,0
1771687262.25,0.166,0.022,1,0,0
1771687262.32,0.165,0.0,1,0,0
1771687262.37,0.188,0.0,1,0,0
1771687262.45,0.192,0.018,1,0,0
1771687262.52,0.2,0.0,1,0,0
1771687262.58,0.22,0.019,2,0,0
1771687262.65,0.192,0.018,2,0,0
1771687262.71,0.207,0.0,2,0,0
1771687262.78,0.224,0.028,2,0,0
1771687262.85,0.192,0.021,2,0,0
1771687262.91,0.186,0.0,2,0,0
1771687262.99,0.207,0.0,2,0,0
1771687263.05,0.134,0.023,2,0,0
1771687263.11,0.194,0.027,2,0,0
1771687263.26,0.293,0.0,3,0,0
1771687263.38,0.241,0.0,3,0,0
1771687263.45,0.25,0.0,3,0,0
1771687263.51,0.317,0.015,3,0,0
1771687263.68,0.142,0.0,3,0,0
1771687263.74,0.168,0.0,3,0,0
1771687263.8,0.238,0.0,3,0,0
1771687263.85,0.244,0.0,3,0,0
1771687263.91,0.231,0.0,3,0,0
1771687263.99,0.229,0.0,3,0,0
1771687264.05,0.189,0.0,3,0,0
1771687264.11,0.267,0.02,3,0,0
1771687264.18,0.255,0.021,3,0,0
1771687264.24,0.208,0.0,3,0,0
1771687264.31,0.248,0.02,3,0,0
1771687264.39,0.257,0.0,3,0,0
1771687264.46,0.251,0.0,3,0,0
1771687264.52,0.235,0.284,3,0,0
1771687264.57,0.244,0.24,3,0,0
1771687264.64,0.238,0.018,3,0,0
1771687264.71,0.267,0.153,3,0,0
1771687264.79,0.243,0.018,3,0,0
1771687264.86,0.253,0.0,3,0,0
1771687264.94,0.251,0.0,3,0,0
1771687264.99,0.241,0.0,3,0,0
1771687265.07,0.246,0.0,3,0,0
1771687265.14,0.254,0.0,3,0,0
1771687265.22,0.277,0.0,3,0,0
1771687265.28,0.262,0.0,3,0,0
1771687265.34,0.254,0.019,3,0,0
1771687265.41,0.263,0.0,3,0,0
1771687265.46,0.273,0.0,3,0,0
1771687265.52,0.26,0.0,3,0,0
1771687265.59,0.268,0.019,3,0,0
1771687265.65,0.253,0.0,3,0,0
1771687265.72,0.273,0.0,3,0,0
1771687265.78,0.263,0.0,3,0,0
1771687265.85,0.287,0.097,3,0,0
1771687265.93,0.289,0.0,3,0,0
1771687265.99,0.301,0.135,3,0,0
1771687266.05,0.272,0.0,3,0,0
1771687266.11,0.277,0.11,3,0,0
1771687266.22,0.29,0.0,3,0,0
1771687266.28,0.251,0.021,3,0,0
1771687266.34,0.328,0.0,3,0,0
1771687266.39,0.307,0.0,3,0,0
1771687266.45,0.275,0.0,3,0,0
1771687266.51,0.274,0.021,3,0,0
1771687266.58,0.228,0.034,3,0,0
1771687266.65,0.184,0.021,3,0,0
1771687266.69,0.169,0.0,3,0,0
1771687266.79,0.164,0.239,3,0,0
1771687266.86,0.203,0.019,3,0,0
1771687266.92,0.21,0.0,3,0,0
1771687266.98,0.228,0.0,4,0,0
1771687267.05,0.156,0.016,4,0,0
1771687267.13,0.199,0.017,4,0,0
1771687267.19,0.209,0.0,4,0,0
1771687267.25,0.195,0.0,4,0,0
1771687267.32,0.205,0.038,4,0,0
1771687267.38,0.088,0.0,4,0,0
1771687267.44,0.186,0.016,4,0,0
1771687267.52,0.255,0.016,5,0,0
1771687267.59,0.271,0.0,5,0,0
1771687267.65,0.339,0.0,5,0,0
1771687267.72,0.337,0.015,5,0,0
1771687267.78,0.314,0.0,5,0,0
1771687267.86,0.314,0.024,5,0,0
1771687267.92,0.351,0.0,5,0,0
1771687267.98,0.322,0.0,5,0,0
1771687268.05,0.362,0.022,5,0,0
1771687268.11,0.346,0.016,5,0,0
1771687268.18,0.369,0.016,5,0,0
1771687268.26,0.303,0.0,5,0,0
1771687268.32,0.184,0.0,5,0,0
1771687268.38,0.237,0.0,5,0,0
1771687268.45,0.187,0.014,5,0,0
1771687268.52,0.234,0.014,5,0,0
1771687268.58,0.236,0.014,5,0,0
1771687268.66,0.128,0.014,5,0,0
1771687268.72,0.101,0.0,5,0,0
1771687268.8,0.241,0.029,5,0,0
1771687268.86,0.281,0.056,5,0,0
1771687268.92,0.318,0.0,5,0,0
1771687268.98,0.305,0.0,5,0,0
1771687269.06,0.303,0.0,5,0,0
1771687269.12,0.288,0.0,5,0,0
1771687269.19,0.294,0.0,5,0,0
1771687269.25,0.302,0.0,5,0,0
1771687269.32,0.301,0.029,5,0,0
1771687269.38,0.291,0.0,5,0,0
1771687269.46,0.277,0.014,5,0,0
1771687269.52,0.268,0.0,5,0,0
1771687269.58,0.264,0.0,5,0,0
1771687269.65,0.27,0.014,5,0,0
1771687269.71,0.288,0.014,5,0,0
1771687269.78,0.296,0.014,5,0,0
1771687269.86,0.331,0.097,5,0,0
1771687269.92,0.305,0.014,5,0,0
1771687269.99,0.32,0.085,5,0,0
1771687270.05,0.306,0.029,5,0,0
1771687270.12,0.319,0.014,5,0,0
1771687270.2,0.323,0.073,5,0,0
1771687270.26,0.349,0.0,5,0,0
1771687270.33,0.349,0.0,5,0,0
1771687270.38,0.354,0.015,5,0,0
1771687270.45,0.356,0.015,5,0,0
1771687270.52,0.362,0.015,5,0,0
1771687270.59,0.333,0.015,5,0,0
1771687270.66,0.33,0.02,5,0,0
1771687270.72,0.298,0.061,5,0,0
1771687270.79,0.308,0.014,5,0,0
1771687270.85,0.329,0.015,5,0,0
1771687270.91,0.317,0.0,5,0,0
1771687270.99,0.29,0.0,5,0,0
1771687271.06,0.307,0.014,5,0,0
1771687271.12,0.32,0.0,5,0,0
1771687271.19,0.303,0.0,5,0,0
1771687271.25,0.287,0.0,5,0,0
1771687271.32,0.283,0.0,5,0,0
1771687271.4,0.286,0.014,5,0,0
1771687271.46,0.282,0.014,5,0,0
1771687271.52,0.283,0.015,5,0,0
1771687271.59,0.287,0.03,5,0,0
1771687271.65,0.114,0.016,5,0,0
1771687271.72,0.088,0.016,5,0,0
1771687271.8,0.231,0.016,5,0,0
1771687271.86,0.283,0.049,5,0,0
1771687271.92,0.28,0.015,5,0,0
1771687271.99,0.305,0.016,5,0,0
1771687272.05,0.312,0.016,5,0,0
1771687272.13,0.299,0.015,5,0,0
1771687272.19,0.306,0.015,5,0,0
1771687272.26,0.3,0.03,5,0,0
1771687272.32,0.291,0.048,5,0,0
1771687272.39,0.291,0.015,5,0,0
1771687272.45,0.303,0.0,5,0,0
1771687272.53,0.295,0.0,5,0,0
1771687272.6,0.285,0.0,5,0,0
1771687272.66,0.285,0.0,5,0,0
1771687272.72,0.286,0.014,5,0,0
1771687272.79,0.274,0.014,5,0,0
1771687272.85,0.274,0.0,5,0,0
1771687272.93,0.279,0.0,5,0,0
1771687273.0,0.269,0.0,5,0,0
1771687273.06,0.283,0.0,5,0,0
1771687273.12,0.275,0.0,5,0,0
1771687273.18,0.273,0.015,5,0,0
1771687273.25,0.297,0.0,5,0,0
1771687273.33,0.293,0.02,5,0,0
1771687273.4,0.285,0.029,5,0,0
1771687273.46,0.286,0.0,5,0,0
1771687273.52,0.22,0.0,5,0,0
1771687273.59,0.223,0.029,5,0,0
1771687273.65,0.265,0.014,5,0,0
1771687273.73,0.289,0.0,5,0,0
1771687273.8,0.289,0.015,5,0,0
1771687273.86,0.265,0.015,5,0,0
1771687273.93,0.26,0.015,5,0,0
1771687274.01,0.261,0.015,5,0,0
1771687274.08,0.28,0.0,5,0,0
1771687274.14,0.285,0.015,5,0,0
1771687274.19,0.289,0.022,5,0,0
1771687274.26,0.268,0.063,5,0,0
1771687274.32,0.27,0.118,5,0,0
1771687274.39,0.252,0.0,5,0,0
1771687274.47,0.073,0.015,5,0,0
1771687274.53,0.133,0.015,5,0,0
1771687274.59,0.224,0.014,5,0,0
1771687274.66,0.235,0.043,5,0,0
1771687274.72,0.241,0.084,5,0,0
1771687274.79,0.261,0.07,5,0,0
1771687274.87,0.264,0.135,5,0,0
1771687274.93,0.26,0.147,5,0,0
1771687275.0,0.242,0.204,5,0,0
1771687275.06,0.259,0.167,5,0,0
1771687275.12,0.267,0.194,5,0,0
1771687275.19,0.25,0.162,5,0,0
1771687275.27,0.244,0.15,5,0,0
1771687275.33,0.092,0.144,5,0,0
1771687275.39,0.257,0.163,5,0,0
1771687275.46,0.281,0.102,5,0,0
1771687275.53,0.295,0.104,5,0,0
1771687275.58,0.305,0.042,5,0,0
1771687275.67,0.319,0.019,5,0,0
1771687275.73,0.32,0.0,5,0,0
1771687275.8,0.324,0.0,5,0,0
1771687275.86,0.315,0.0,5,0,0
1771687275.92,0.341,0.0,5,0,0
1771687276.01,0.321,0.014,5,0,0
1771687276.06,0.325,0.014,5,0,0
1771687276.13,0.312,0.02,5,0,0
1771687276.19,0.308,0.014,5,0,0
1771687276.26,0.305,0.043,5,0,0
1771687276.32,0.299,0.045,5,0,0
1771687276.4,0.276,0.0,5,0,0
1771687276.47,0.279,0.028,5,0,0
1771687276.53,0.271,0.02,5,0,0
1771687276.59,0.264,0.043,5,0,0
1771687276.66,0.275,0.014,5,0,0
1771687276.73,0.256,0.014,5,0,0
1771687276.8,0.27,0.02,5,0,0
1771687276.87,0.264,0.097,5,0,0
1771687276.94,0.292,0.07,5,0,0
1771687276.99,0.282,0.0,5,0,0
1771687277.06,0.283,0.02,5,0,0
1771687277.12,0.281,0.059,5,0,0
1771687277.2,0.284,0.0,5,0,0
1771687277.27,0.269,0.0,5,0,0
1771687277.33,0.279,0.0,5,0,0
1771687277.39,0.271,0.014,5,0,0
1771687277.46,0.295,0.0,5,0,0
1771687277.52,0.307,0.014,5,0,0
1771687277.6,0.334,0.014,5,0,0
1771687277.67,0.296,0.0,5,0,0
1771687277.73,0.3,0.015,5,0,0
1771687277.8,0.311,0.0,5,0,0
1771687277.86,0.31,0.0,5,0,0
1771687277.94,0.297,0.021,5,0,0
1771687278.0,0.298,0.0,5,0,0
1771687278.07,0.312,0.0,5,0,0
1771687278.13,0.32,0.0,5,0,0
1771687278.2,0.31,0.0,5,0,0
1771687278.26,0.287,0.0,5,0,0
1771687278.34,0.272,0.0,5,0,0
1771687278.4,0.281,0.014,5,0,0
1771687278.47,0.281,0.013,5,0,0
1771687278.54,0.256,0.0,5,0,0
1771687278.59,0.289,0.0,5,0,0
1771687278.66,0.323,0.013,5,0,0
1771687278.74,0.31,0.019,5,0,0
1771687278.8,0.305,0.019,5,0,0
1771687278.87,0.081,0.029,5,0,0
1771687278.93,0.134,0.018,5,0,0
1771687278.99,0.195,0.042,5,0,0
1771687279.06,0.229,0.019,6,0,0
1771687279.14,0.23,0.019,6,0,0
1771687279.21,0.236,0.03,6,0,0
1771687279.27,0.238,0.0,6,0,0
1771687279.33,0.246,0.014,6,0,0
1771687279.4,0.249,0.014,6,0,0
1771687279.46,0.089,0.02,6,0,0
1771687279.54,0.068,0.045,6,0,0
1771687279.61,0.211,0.184,6,0,0
1771687279.67,0.244,0.0,6,0,0
1771687279.73,0.135,0.0,6,0,0
1771687279.8,0.042,0.0,6,0,0
1771687279.87,0.146,0.0,6,0,0
1771687279.94,0.232,0.0,7,0,0
1771687280.0,0.219,0.0,7,0,0
1771687280.07,0.231,0.0,7,0,0
1771687280.13,0.213,0.0,7,0,0
1771687280.19,0.222,0.014,7,0,0
1771687280.28,0.242,0.0,7,0,0
1771687280.34,0.215,0.014,7,0,0
1771687280.4,0.228,0.014,7,0,0
1771687280.47,0.238,0.014,7,0,0
1771687280.53,0.225,0.014,7,0,0
1771687280.6,0.232,0.0,7,0,0
1771687280.67,0.165,0.014,7,0,0
1771687280.74,0.033,0.0,7,0,0
1771687280.8,0.034,0.014,7,0,0
1771687280.87,0.173,0.0,7,0,0
1771687280.93,0.265,0.0,8,0,0
1771687281.0,0.258,0.035,8,0,0
1771687281.08,0.291,0.015,8,0,0
1771687281.14,0.248,0.016,8,0,0
1771687281.2,0.233,0.135,8,0,0
1771687281.26,0.257,0.117,8,0,0
1771687281.33,0.281,0.0,8,0,0
1771687281.4,0.253,0.0,8,0,0
1771687281.48,0.031,0.0,8,0,0
1771687281.54,0.047,0.0,8,0,0
1771687281.6,0.121,0.019,8,0,0
1771687281.66,0.249,0.016,9,0,0
1771687281.73,0.253,0.015,9,0,0
1771687281.8,0.263,0.029,9,0,0
1771687281.88,0.273,0.087,9,0,0
1771687281.94,0.307,0.089,9,0,0
1771687282.01,0.299,0.127,9,0,0
1771687282.07,0.306,0.075,9,0,0
1771687282.13,0.298,0.075,9,0,0
1771687282.21,0.296,0.092,9,0,0
1771687282.27,0.331,0.047,9,0,0
1771687282.34,0.344,0.078,9,0,0
1771687282.41,0.328,0.063,9,0,0
1771687282.47,0.303,0.062,9,0,0
1771687282.53,0.312,0.062,9,0,0
1771687282.61,0.306,0.05,9,0,0
1771687282.68,0.288,0.05,9,0,0
1771687282.74,0.256,0.031,9,0,0
1771687282.8,0.207,0.015,9,0,0
1771687282.87,0.193,0.015,9,0,0
1771687282.94,0.203,0.0,9,0,0
1771687283.01,0.183,0.0,9,0,0
1771687283.07,0.187,0.0,9,0,0
1771687283.14,0.089,0.0,9,0,0
1771687283.2,0.125,0.0,9,0,0
1771687283.27,0.256,0.015,10,0,0
1771687283.33,0.264,0.015,10,0,0
1771687283.41,0.296,0.062,10,0,0
1771687283.47,0.287,0.021,10,0,0
1771687283.54,0.286,0.0,10,0,0
1771687283.6,0.292,0.0,10,0,0
1771687283.67,0.295,0.0,10,0,0
1771687283.73,0.291,0.0,10,0,0
1771687283.81,0.29,0.0,10,0,0
1771687283.88,0.284,0.0,10,0,0
1771687283.94,0.305,0.0,10,0,0
1771687284.0,0.292,0.0,10,0,0
1771687284.07,0.273,0.0,10,0,0
1771687284.15,0.216,0.0,10,0,0
1771687284.21,0.171,0.0,10,0,0
1771687284.27,0.167,0.0,10,0,0
1771687284.35,0.166,0.016,10,0,0
1771687284.43,0.16,0.129,10,0,0
1771687284.48,0.173,0.161,10,0,0
1771687284.55,0.165,0.114,10,0,0
1771687284.61,0.154,0.016,10,0,0
1771687284.68,0.154,0.0,10,0,0
1771687284.74,0.148,0.016,10,0,0
1771687284.8,0.17,0.016,10,0,0
1771687284.87,0.165,0.016,10,0,0
1771687284.95,0.163,0.0,10,0,0
1771687285.01,0.135,0.0,10,0,0
1771687285.07,0.072,0.016,10,0,0
1771687285.14,0.157,0.0,10,0,0
1771687285.2,0.271,0.015,11,0,0
1771687285.27,0.284,0.015,11,0,0
1771687285.35,0.31,0.015,11,0,0
1771687285.41,0.32,0.0,11,0,0
1771687285.47,0.327,0.0,11,0,0
1771687285.54,0.329,0.0,11,0,0
1771687285.6,0.329,0.0,11,0,0
1771687285.67,0.316,0.0,11,0,0
1771687285.75,0.33,0.03,11,0,0
1771687285.81,0.329,0.015,11,0,0
1771687285.87,0.339,0.046,11,0,0
1771687285.94,0.316,0.015,11,0,0
1771687286.0,0.32,0.034,11,0,0
1771687286.08,0.322,0.031,11,0,0
1771687286.15,0.315,0.048,11,0,0
1771687286.21,0.308,0.015,11,0,0
1771687286.27,0.296,0.048,11,0,0
1771687286.34,0.315,0.063,11,0,0
1771687286.4,0.31,0.06,11,0,0
1771687286.48,0.303,0.076,11,0,0
1771687286.55,0.312,0.048,11,0,0
1771687286.62,0.305,0.048,11,0,0
1771687286.69,0.308,0.03,11,0,0
1771687286.76,0.305,0.03,11,0,0
1771687286.82,0.308,0.03,11,0,0
1771687286.89,0.308,0.03,11,0,0
1771687286.95,0.31,0.034,11,0,0
1771687286.98,0.316,0.034,11,0,0
1771687287.05,0.301,0.015,11,0,0
1771687287.16,0.286,0.031,11,0,0
1771687287.22,0.286,0.046,11,0,0
1771687287.29,0.296,0.031,11,0,0
1771687287.35,0.29,0.034,11,0,0
1771687287.41,0.27,0.048,11,0,0
1771687287.48,0.274,0.03,11,0,0
1771687287.54,0.286,0.076,11,0,0
1771687287.61,0.272,0.06,11,0,0
1771687287.69,0.265,0.045,11,0,0
1771687287.75,0.253,0.044,11,0,0
1771687287.82,0.253,0.044,11,0,0
1771687287.88,0.244,0.029,11,0,0
1771687287.95,0.279,0.058,11,0,0
1771687288.03,0.259,0.0,11,0,0
1771687288.1,0.223,0.035,11,0,0
1771687288.15,0.236,0.05,11,0,0
1771687288.22,0.263,0.016,11,0,0
1771687288.28,0.272,0.125,11,0,0
1771687288.34,0.283,0.018,11,0,0
1771687288.42,0.271,0.018,11,0,0
1771687288.48,0.265,0.027,11,0,0
1771687288.55,0.26,0.027,11,0,0
1771687288.61,0.242,0.02,11,0,0
1771687288.68,0.274,0.0,11,0,0
1771687288.75,0.303,0.0,11,0,0
1771687288.82,0.305,0.019,11,0,0
1771687288.89,0.318,0.019,11,0,0
1771687288.96,0.284,0.019,11,0,0
1771687289.01,0.163,0.018,11,0,0
1771687289.09,0.203,0.0,11,0,0
1771687289.15,0.241,0.0,11,0,0
1771687289.22,0.248,0.02,11,0,0
1771687289.28,0.215,0.0,11,0,0
1771687289.35,0.187,0.02,11,0,0
1771687289.41,0.195,0.022,11,0,0
1771687289.48,0.165,0.02,11,0,0
1771687289.55,0.211,0.0,12,0,0
1771687289.63,0.206,0.02,12,0,0
1771687289.69,0.228,0.019,12,0,0
1771687289.75,0.221,0.0,12,0,0
1771687289.81,0.23,0.0,12,0,0
1771687289.88,0.207,0.0,12,0,0
1771687289.96,0.149,0.0,12,0,0
1771687290.02,0.127,0.02,12,0,0
1771687290.08,0.186,0.0,12,0,0
1771687290.15,0.144,0.0,12,0,0
1771687290.23,0.161,0.0,12,0,0
1771687290.3,0.141,0.073,12,0,0
1771687290.36,0.165,0.0,12,0,0
1771687290.44,0.195,0.02,12,0,0
1771687290.5,0.198,0.019,12,0,0
1771687290.58,0.163,0.019,12,0,0
1771687290.7,0.215,0.04,13,0,0
1771687290.76,0.194,0.023,13,0,0
1771687290.82,0.185,0.0,13,0,0
1771687290.88,0.163,0.045,13,0,0
1771687290.95,0.207,0.0,13,0,0
1771687291.02,0.203,0.02,13,0,0
1771687291.08,0.208,0.0,13,0,0
1771687291.16,0.236,0.022,14,0,0
1771687291.23,0.227,0.028,14,0,0
1771687291.28,0.27,0.0,14,0,0
1771687291.35,0.259,0.026,14,0,0
1771687291.41,0.231,0.019,14,0,0
1771687291.47,0.24,0.019,14,0,0
1771687291.63,0.242,0.019,14,0,0
1771687291.69,0.223,0.021,14,0,0
1771687291.75,0.225,0.067,14,0,0
1771687291.81,0.221,0.0,14,0,0
1771687291.9,0.204,0.027,14,0,0
1771687291.95,0.18,0.0,14,0,0
1771687292.02,0.194,0.022,14,0,0
1771687292.08,0.145,0.042,14,0,0
1771687292.15,0.2,0.052,14,0,0
1771687292.21,0.262,0.0,15,0,0
1771687292.3,0.206,0.138,15,0,0
1771687292.37,0.232,0.02,15,0,0
1771687292.42,0.226,0.0,15,0,0
1771687292.49,0.29,0.0,15,0,0
1771687292.56,0.253,0.212,15,0,0
1771687292.61,0.293,0.164,15,0,0
1771687292.7,0.295,0.06,15,0,0
1771687292.76,0.272,0.0,15,0,0
1771687292.83,0.271,0.0,15,0,0
1771687292.88,0.255,0.021,15,0,0
1771687292.95,0.253,0.0,15,0,0
1771687293.01,0.258,0.0,15,0,0
1771687293.1,0.272,0.021,15,0,0
1771687293.16,0.26,0.0,15,0,0
1771687293.22,0.266,0.021,15,0,0
1771687293.29,0.264,0.021,15,0,0
1771687293.35,0.268,0.0,15,0,0
1771687293.42,0.256,0.0,15,0,0
1771687293.49,0.279,0.0,15,0,0
1771687293.56,0.253,0.0,15,0,0
1771687293.63,0.251,0.0,15,0,0
1771687293.69,0.265,0.0,15,0,0
1771687293.79,0.256,0.0,15,0,0
1771687293.86,0.196,0.0,15,0,0
1771687293.91,0.226,0.0,15,0,0
1771687293.96,0.255,0.0,15,0,0
1771687294.02,0.195,0.04,15,0,0
1771687294.08,0.19,0.017,15,0,0
1771687294.29,0.179,0.0,15,0,0
1771687294.36,0.184,0.0,15,0,0
1771687294.43,0.163,0.016,15,0,0
1771687294.49,0.194,0.028,15,0,0
1771687294.55,0.206,0.0,15,0,0
1771687294.63,0.232,0.018,16,0,0
1771687294.7,0.211,0.017,16,0,0
1771687294.78,0.163,0.0,16,0,0
1771687294.83,0.079,0.0,16,0,0
1771687294.89,0.085,0.014,16,0,0
1771687294.95,0.125,0.013,16,0,0
1771687295.03,0.23,0.0,17,0,0
1771687295.1,0.233,0.0,17,0,0
1771687295.16,0.281,0.0,17,0,0
1771687295.22,0.34,0.0,17,0,0
1771687295.28,0.328,0.0,17,0,0
1771687295.35,0.33,0.0,17,0,0
1771687295.43,0.309,0.014,17,0,0
1771687295.49,0.264,0.014,17,0,0
1771687295.56,0.267,0.0,17,0,0
1771687295.62,0.149,0.014,17,0,0
1771687295.68,0.136,0.015,17,0,0
1771687295.74,0.222,0.0,17,0,0
1771687295.83,0.256,0.0,17,0,0
1771687295.89,0.271,0.0,17,0,0
1771687295.95,0.294,0.0,17,0,0
1771687296.02,0.297,0.0,17,0,0
1771687296.08,0.307,0.034,17,0,0
1771687296.17,0.365,0.0,17,0,0
1771687296.22,0.334,0.0,17,0,0
1771687296.29,0.288,0.0,17,0,0
1771687296.35,0.3,0.014,17,0,0
1771687296.42,0.301,0.0,17,0,0
1771687296.49,0.3,0.015,17,0,0
1771687296.56,0.373,0.014,17,0,0
1771687296.64,0.346,0.0,17,0,0
1771687296.69,0.352,0.021,17,0,0
1771687296.75,0.342,0.022,17,0,0
1771687296.82,0.311,0.0,17,0,0
1771687296.88,0.31,0.015,17,0,0
1771687296.97,0.311,0.0,17,0,0
1771687297.03,0.3,0.0,17,0,0
1771687297.1,0.327,0.016,17,0,0
1771687297.15,0.306,0.0,17,0,0
1771687297.22,0.32,0.0,17,0,0
1771687297.28,0.294,0.015,17,0,0
1771687297.36,0.303,0.0,17,0,0
1771687297.43,0.303,0.03,17,0,0
1771687297.5,0.302,0.0,17,0,0
1771687297.56,0.296,0.021,17,0,0
1771687297.64,0.306,0.03,17,0,0
1771687297.69,0.308,0.0,17,0,0
1771687297.77,0.319,0.016,17,0,0
1771687297.83,0.299,0.0,17,0,0
1771687297.9,0.305,0.0,17,0,0
1771687297.96,0.293,0.022,17,0,0
1771687298.02,0.292,0.031,17,0,0
1771687298.1,0.3,0.048,17,0,0
1771687298.18,0.301,0.064,17,0,0
1771687298.25,0.28,0.048,17,0,0
1771687298.3,0.29,0.061,17,0,0
1771687298.36,0.276,0.06,17,0,0
1771687298.42,0.27,0.075,17,0,0
1771687298.5,0.252,0.066,17,0,0
1771687298.56,0.259,0.033,17,0,0
1771687298.63,0.272,0.046,17,0,0
1771687298.69,0.26,0.075,17,0,0
1771687298.78,0.277,0.059,17,0,0
1771687298.85,0.281,0.058,17,0,0
1771687298.91,0.283,0.015,17,0,0
1771687298.97,0.291,0.02,17,0,0
1771687299.03,0.301,0.021,17,0,0
1771687299.09,0.298,0.021,17,0,0
1771687299.17,0.136,0.031,17,0,0
1771687299.22,0.069,0.0,17,0,0
1771687299.3,0.221,0.015,17,0,0
1771687299.37,0.289,0.0,17,0,0
1771687299.43,0.307,0.0,17,0,0
1771687299.49,0.324,0.055,17,0,0
1771687299.56,0.329,0.0,17,0,0
1771687299.62,0.31,0.0,17,0,0
1771687299.7,0.315,0.0,17,0,0
1771687299.77,0.321,0.015,17,0,0
1771687299.84,0.347,0.0,17,0,0
1771687299.91,0.329,0.0,17,0,0
1771687300.0,0.329,0.015,17,0,0
1771687300.06,0.348,0.015,17,0,0
1771687300.13,0.332,0.014,17,0,0
1771687300.18,0.291,0.014,17,0,0
1771687300.24,0.246,0.043,17,0,0
1771687300.29,0.323,0.086,17,0,0
1771687300.36,0.328,0.014,17,0,0
1771687300.44,0.325,0.015,17,0,0
1771687300.51,0.323,0.0,17,0,0
1771687300.57,0.323,0.0,17,0,0
1771687300.63,0.318,0.015,17,0,0
1771687300.69,0.335,0.015,17,0,0
1771687300.76,0.348,0.015,17,0,0
1771687300.84,0.34,0.0,17,0,0
1771687300.91,0.342,0.015,17,0,0
1771687300.97,0.336,0.0,17,0,0
1771687301.03,0.335,0.021,17,0,0
1771687301.1,0.332,0.021,17,0,0
1771687301.16,0.322,0.015,17,0,0
1771687301.25,0.327,0.022,17,0,0
1771687301.3,0.324,0.015,17,0,0
1771687301.36,0.319,0.0,17,0,0
1771687301.43,0.304,0.021,17,0,0
1771687301.5,0.309,0.015,17,0,0
1771687301.56,0.301,0.022,17,0,0
1771687301.64,0.261,0.015,17,0,0
1771687301.7,0.259,0.0,17,0,0
1771687301.76,0.259,0.015,17,0,0
1771687301.83,0.245,0.015,17,0,0
1771687301.9,0.247,0.021,17,0,0
1771687301.97,0.255,0.015,17,0,0
1771687302.04,0.245,0.0,17,0,0
1771687302.1,0.23,0.015,17,0,0
1771687302.17,0.103,0.015,17,0,0
1771687302.23,0.164,0.0,17,0,0
1771687302.29,0.223,0.014,17,0,0
1771687302.37,0.246,0.0,17,0,0
1771687302.44,0.256,0.0,17,0,0
1771687302.5,0.254,0.014,17,0,0
1771687302.57,0.258,0.014,17,0,0
1771687302.63,0.336,0.0,17,0,0
1771687302.7,0.322,0.014,17,0,0
1771687302.77,0.32,0.014,17,0,0
1771687302.84,0.31,0.029,17,0,0
1771687302.9,0.287,0.014,17,0,0
1771687302.96,0.258,0.0,17,0,0
1771687303.03,0.273,0.0,17,0,0
1771687303.09,0.311,0.059,17,0,0
1771687303.17,0.337,0.159,17,0,0
1771687303.24,0.337,0.0,17,0,0
1771687303.3,0.319,0.014,17,0,0
1771687303.36,0.336,0.0,17,0,0
1771687303.43,0.345,0.0,17,0,0
1771687303.49,0.304,0.0,17,0,0
1771687303.57,0.285,0.015,17,0,0
1771687303.64,0.292,0.046,17,0,0
1771687303.7,0.309,0.014,17,0,0
1771687303.77,0.31,0.014,17,0,0
1771687303.83,0.303,0.014,17,0,0
1771687303.9,0.333,0.013,17,0,0
1771687303.97,0.319,0.0,17,0,0
1771687304.03,0.298,0.0,17,0,0
1771687304.1,0.314,0.0,17,0,0
1771687304.16,0.3,0.014,17,0,0
1771687304.23,0.301,0.0,17,0,0
1771687304.31,0.308,0.0,17,0,0
1771687304.37,0.313,0.0,17,0,0
1771687304.44,0.295,0.02,17,0,0
1771687304.5,0.299,0.0,17,0,0
1771687304.57,0.291,0.0,17,0,0
1771687304.63,0.283,0.015,17,0,0
1771687304.71,0.301,0.044,17,0,0
1771687304.78,0.302,0.015,17,0,0
1771687304.84,0.286,0.015,17,0,0
1771687304.9,0.301,0.059,17,0,0
1771687304.96,0.276,0.014,17,0,0
1771687305.03,0.285,0.029,17,0,0
1771687305.12,0.295,0.015,17,0,0
1771687305.2,0.299,0.015,17,0,0
1771687305.25,0.285,0.0,17,0,0
1771687305.31,0.285,0.015,17,0,0
1771687305.36,0.276,0.015,17,0,0
1771687305.43,0.281,0.06,17,0,0
1771687305.51,0.279,0.015,17,0,0
1771687305.57,0.275,0.0,17,0,0
1771687305.64,0.29,0.015,17,0,0
1771687305.7,0.285,0.0,17,0,0
1771687305.77,0.293,0.0,17,0,0
1771687305.83,0.295,0.0,17,0,0
1771687305.91,0.288,0.015,17,0,0
1771687305.97,0.268,0.0,17,0,0
1771687306.04,0.269,0.0,17,0,0
1771687306.1,0.294,0.0,17,0,0
1771687306.17,0.32,0.0,17,0,0
1771687306.24,0.336,0.0,17,0,0
1771687306.31,0.342,0.0,17,0,0
1771687306.37,0.364,0.0,17,0,0
1771687306.44,0.347,0.0,17,0,0
1771687306.5,0.333,0.0,17,0,0
1771687306.56,0.333,0.0,17,0,0
1771687306.64,0.346,0.014,17,0,0
1771687306.71,0.339,0.014,17,0,0
1771687306.77,0.338,0.0,17,0,0
1771687306.84,0.338,0.0,17,0,0
1771687306.9,0.235,0.0,17,0,0
1771687306.96,0.112,0.0,17,0,0
1771687307.05,0.207,0.044,17,0,0
1771687307.11,0.252,0.0,17,0,0
1771687307.17,0.29,0.014,17,0,0
1771687307.23,0.29,0.0,17,0,0
1771687307.3,0.308,0.0,17,0,0
1771687307.36,0.315,0.0,17,0,0
1771687307.44,0.323,0.014,17,0,0
1771687307.51,0.317,0.014,17,0,0
1771687307.57,0.312,0.014,17,0,0
1771687307.63,0.31,0.0,17,0,0
1771687307.71,0.292,0.0,17,0,0
1771687307.76,0.288,0.029,17,0,0
1771687307.85,0.292,0.014,17,0,0
1771687307.91,0.289,0.046,17,0,0
1771687307.97,0.3,0.014,17,0,0
1771687308.04,0.3,0.043,17,0,0
1771687308.1,0.305,0.029,17,0,0
1771687308.18,0.307,0.015,17,0,0
1771687308.24,0.305,0.0,17,0,0
1771687308.31,0.307,0.0,17,0,0
1771687308.37,0.307,0.0,17,0,0
1771687308.44,0.301,0.0,17,0,0
1771687308.51,0.304,0.015,17,0,0
1771687308.58,0.304,0.015,17,0,0
1771687308.65,0.304,0.015,17,0,0
1771687308.71,0.304,0.021,17,0,0
1771687308.79,0.304,0.0,17,0,0
1771687308.85,0.304,0.015,17,0,0
1771687308.88,0.298,0.021,17,0,0
1771687308.99,0.308,0.021,17,0,0
1771687309.05,0.305,0.015,17,0,0
1771687309.11,0.307,0.0,17,0,0
1771687309.17,0.307,0.015,17,0,0
1771687309.24,0.305,0.015,17,0,0
1771687309.3,0.288,0.043,17,0,0
1771687309.38,0.292,0.014,17,0,0
1771687309.44,0.287,0.014,17,0,0
1771687309.51,0.285,0.029,17,0,0
1771687309.57,0.282,0.043,17,0,0
1771687309.64,0.266,0.043,17,0,0
1771687309.7,0.252,0.087,17,0,0
1771687309.8,0.256,0.02,17,0,0
1771687309.85,0.244,0.014,17,0,0
1771687309.91,0.258,0.02,17,0,0
1771687309.97,0.264,0.021,17,0,0
1771687310.04,0.268,0.0,17,0,0
1771687310.13,0.27,0.021,17,0,0
1771687310.19,0.284,0.022,17,0,0
1771687310.24,0.264,0.0,17,0,0
1771687310.32,0.285,0.016,17,0,0
1771687310.39,0.334,0.0,17,0,0
1771687310.46,0.323,0.0,17,0,0
1771687310.52,0.314,0.018,17,0,0
1771687310.58,0.339,0.02,17,0,0
1771687310.64,0.359,0.03,17,0,0
1771687310.71,0.307,0.0,17,0,0
1771687310.78,0.321,0.0,17,0,0
1771687310.84,0.285,0.021,17,0,0
1771687310.93,0.261,0.019,17,0,0
1771687310.98,0.266,0.0,17,0,0
1771687311.05,0.212,0.054,17,0,0
1771687311.11,0.254,0.018,17,0,0
1771687311.18,0.236,0.018,17,0,0
1771687311.24,0.132,0.018,17,0,0
1771687311.32,0.144,0.0,17,0,0
1771687311.38,0.126,0.0,17,0,0
1771687311.44,0.12,0.025,17,0,0
1771687311.51,0.175,0.0,17,0,0
1771687311.58,0.091,0.0,17,0,0
1771687311.64,0.136,0.0,17,0,0
1771687311.71,0.151,0.0,17,0,0
1771687311.78,0.17,0.0,17,0,0
1771687311.84,0.211,0.0,18,0,0
1771687311.91,0.196,0.0,18,0,0
1771687311.97,0.221,0.0,18,0,0
1771687312.06,0.223,0.0,18,0,0
1771687312.12,0.213,0.0,18,0,0
1771687312.18,0.207,0.018,18,0,0
1771687312.24,0.199,0.0,18,0,0
1771687312.31,0.082,0.0,18,0,0
1771687312.37,0.123,0.017,18,0,0
1771687312.45,0.132,0.017,18,0,0
1771687312.53,0.195,0.0,18,0,0
1771687312.58,0.191,0.0,18,0,0
1771687312.64,0.054,0.0,18,0,0
1771687312.71,0.224,0.0,19,0,0
1771687312.77,0.161,0.0,19,0,0
1771687312.85,0.218,0.0,19,0,0
1771687312.91,0.213,0.013,19,0,0
1771687312.98,0.226,0.0,19,0,0
1771687313.05,0.177,0.0,19,0,0
1771687313.11,0.247,0.014,19,0,0
1771687313.17,0.228,0.013,19,0,0
1771687313.26,0.218,0.0,19,0,0
1771687313.32,0.23,0.013,19,0,0
1771687313.38,0.191,0.0,19,0,0
1771687313.44,0.18,0.015,19,0,0
1771687313.51,0.257,0.015,19,0,0
1771687313.58,0.162,0.033,19,0,0
1771687313.66,0.172,0.02,19,0,0
1771687313.72,0.216,0.019,19,0,0
1771687313.78,0.232,0.0,19,0,0
1771687313.84,0.261,0.0,19,0,0
1771687313.91,0.174,0.0,19,0,0
1771687313.99,0.186,0.0,19,0,0
1771687314.05,0.205,0.032,19,0,0
1771687314.12,0.272,0.0,20,0,0
1771687314.18,0.208,0.022,20,0,0
1771687314.25,0.253,0.021,20,0,0
1771687314.31,0.179,0.0,20,0,0
1771687314.39,0.234,0.022,20,0,0
1771687314.45,0.186,0.021,20,0,0
1771687314.52,0.185,0.0,20,0,0
1771687314.59,0.217,0.0,20,0,0
1771687314.64,0.245,0.0,20,0,0
1771687314.71,0.252,0.0,20,0,0
1771687314.79,0.263,0.0,20,0,0
1771687314.86,0.252,0.0,20,0,0
1771687314.92,0.233,0.0,20,0,0
1771687314.98,0.244,0.0,20,0,0
1771687315.05,0.249,0.0,20,0,0
1771687315.11,0.255,0.0,20,0,0
1771687315.2,0.269,0.0,20,0,0
1771687315.26,0.253,0.029,20,0,0
1771687315.32,0.272,0.021,20,0,0
1771687315.39,0.246,0.021,20,0,0
1771687315.45,0.257,0.0,20,0,0
1771687315.53,0.241,0.0,20,0,0
1771687315.6,0.254,0.0,20,0,0
1771687315.67,0.236,0.03,20,0,0
1771687315.72,0.262,0.028,20,0,0
1771687315.78,0.249,0.021,20,0,0
1771687315.84,0.28,0.0,20,0,0
1771687315.91,0.288,0.031,20,0,0
1771687315.99,0.287,0.095,20,0,0
1771687316.05,0.273,0.042,20,0,0
1771687316.12,0.25,0.0,20,0,0
1771687316.2,0.249,0.0,20,0,0
1771687316.28,0.296,0.0,20,0,0
1771687316.34,0.275,0.0,20,0,0
1771687316.39,0.269,0.0,20,0,0
1771687316.45,0.176,0.022,20,0,0
1771687316.52,0.157,0.0,20,0,0
1771687316.58,0.116,0.0,20,0,0
1771687316.65,0.153,0.0,20,0,0
1771687316.73,0.204,0.0,20,0,0
1771687316.79,0.198,0.019,20,0,0
1771687316.86,0.065,0.0,20,0,0
1771687316.92,0.074,0.016,20,0,0
1771687316.98,0.163,0.0,20,0,0
1771687317.04,0.236,0.0,21,0,0
1771687317.12,0.255,0.017,21,0,0
1771687317.19,0.227,0.015,21,0,0
1771687317.25,0.295,0.0,21,0,0
1771687317.32,0.343,0.023,21,0,0
1771687317.38,0.278,0.0,21,0,0
1771687317.44,0.27,0.016,21,0,0
1771687317.53,0.255,0.0,21,0,0
1771687317.59,0.234,0.016,21,0,0
1771687317.65,0.145,0.0,21,0,0
1771687317.71,0.166,0.017,21,0,0
1771687317.78,0.158,0.017,21,0,0
1771687317.84,0.155,0.0,21,0,0
1771687317.92,0.166,0.0,21,0,0
1771687317.99,0.128,0.0,21,0,0
1771687318.05,0.074,0.0,21,0,0
1771687318.11,0.122,0.017,21,0,0
1771687318.18,0.278,0.017,22,0,0
1771687318.26,0.287,0.0,22,0,0
1771687318.32,0.315,0.018,22,0,0
1771687318.39,0.277,0.018,22,0,0
1771687318.45,0.298,0.0,22,0,0
1771687318.52,0.312,0.0,22,0,0
1771687318.58,0.286,0.017,22,0,0
1771687318.66,0.313,0.017,22,0,0
1771687318.73,0.305,0.017,22,0,0
1771687318.79,0.293,0.0,22,0,0
1771687318.86,0.304,0.018,22,0,0
1771687318.92,0.301,0.0,22,0,0
1771687318.98,0.306,0.0,22,0,0
1771687319.07,0.309,0.018,22,0,0
1771687319.14,0.307,0.0,22,0,0
1771687319.22,0.315,0.0,22,0,0
1771687319.29,0.312,0.018,22,0,0
1771687319.34,0.302,0.024,22,0,0
1771687319.4,0.301,0.0,22,0,0
1771687319.46,0.312,0.0,22,0,0
1771687319.53,0.302,0.017,22,0,0
1771687319.59,0.297,0.018,22,0,0
1771687319.66,0.296,0.0,22,0,0
1771687319.73,0.305,0.017,22,0,0
1771687319.79,0.272,0.0,22,0,0
1771687319.86,0.272,0.024,22,0,0
1771687319.93,0.275,0.024,22,0,0
1771687319.99,0.267,0.0,22,0,0
1771687320.06,0.252,0.016,22,0,0
1771687320.12,0.274,0.0,22,0,0
1771687320.2,0.248,0.0,22,0,0
1771687320.26,0.263,0.0,22,0,0
1771687320.33,0.284,0.016,22,0,0
1771687320.39,0.269,0.0,22,0,0
1771687320.46,0.28,0.0,22,0,0
1771687320.52,0.276,0.017,22,0,0
1771687320.6,0.277,0.0,22,0,0
1771687320.66,0.276,0.018,22,0,0
1771687320.75,0.284,0.0,22,0,0
1771687320.81,0.276,0.0,22,0,0
1771687320.88,0.227,0.018,22,0,0
1771687320.94,0.183,0.0,22,0,0
1771687321.0,0.172,0.053,22,0,0
1771687321.06,0.198,0.0,22,0,0
1771687321.13,0.173,0.0,22,0,0
1771687321.21,0.023,0.017,22,0,0
1771687321.26,0.16,0.0,22,0,0
1771687321.32,0.23,0.0,23,0,0
1771687321.4,0.142,0.0,23,0,0
1771687321.51,0.162,0.018,23,0,0
1771687321.57,0.247,0.0,23,0,0
1771687321.62,0.28,0.028,23,0,0
1771687321.68,0.233,0.0,23,0,0
1771687321.73,0.268,0.0,23,0,0
1771687321.8,0.253,0.0,23,0,0
1771687321.86,0.241,0.0,23,0,0
1771687321.93,0.277,0.0,23,0,0
1771687321.99,0.246,0.0,23,0,0
1771687322.05,0.285,0.0,23,0,0
1771687322.14,0.299,0.0,23,0,0
1771687322.19,0.255,0.0,23,0,0
1771687322.26,0.251,0.0,23,0,0
1771687322.32,0.249,0.021,23,0,0
1771687322.39,0.259,0.0,23,0,0
1771687322.45,0.236,0.02,23,0,0
1771687322.54,0.227,0.0,23,0,0
1771687322.6,0.29,0.0,23,0,0
1771687322.66,0.246,0.0,23,0,0
1771687322.73,0.225,0.0,23,0,0
1771687322.79,0.271,0.022,23,0,0
1771687322.86,0.286,0.0,23,0,0
1771687322.94,0.27,0.0,23,0,0
1771687323.0,0.251,0.082,23,0,0
1771687323.06,0.273,0.0,23,0,0
1771687323.12,0.273,0.0,23,0,0
1771687323.18,0.278,0.0,23,0,0
1771687323.25,0.273,0.0,23,0,0
1771687323.34,0.293,0.0,23,0,0
1771687323.4,0.271,0.0,23,0,0
1771687323.46,0.269,0.0,23,0,0
1771687323.53,0.251,0.0,23,0,0
1771687323.59,0.212,0.0,23,0,0
1771687323.65,0.201,0.0,23,0,0
1771687323.73,0.232,0.02,23,0,0
1771687323.8,0.246,0.0,23,0,0
1771687323.87,0.23,0.0,23,0,0
1771687323.91,0.239,0.0,23,0,0
1771687323.99,0.255,0.0,23,0,0
1771687324.07,0.198,0.02,23,0,0
1771687324.13,0.268,0.093,23,0,0
1771687324.27,0.284,0.02,23,0,0
1771687324.33,0.281,0.0,23,0,0
1771687324.39,0.212,0.0,23,0,0
1771687324.47,0.271,0.0,23,0,0
1771687324.54,0.25,0.0,23,0,0
1771687324.6,0.167,0.0,23,0,0
1771687324.66,0.296,0.22,23,0,0
1771687324.72,0.175,0.017,23,0,0
1771687324.79,0.187,0.02,23,0,0
1771687324.94,0.159,0.0,23,0,0
1771687325.0,0.244,0.031,24,0,0
1771687325.13,0.133,0.046,24,0,0
1771687325.19,0.184,0.0,24,0,0
1771687325.27,0.153,0.02,24,0,0
1771687325.33,0.216,0.019,25,0,0
1771687325.4,0.117,0.021,25,0,0
1771687325.53,0.238,0.016,25,0,0
1771687325.59,0.177,0.014,25,0,0
1771687325.67,0.137,0.014,25,0,0
1771687325.73,0.201,0.027,25,0,0
1771687325.79,0.089,0.0,25,0,0
1771687325.86,0.217,0.053,26,0,0
1771687325.95,0.278,0.016,26,0,0
1771687326.01,0.297,0.077,26,0,0
1771687326.07,0.33,0.0,26,0,0
1771687326.13,0.316,0.016,26,0,0
1771687326.2,0.295,0.017,26,0,0
1771687326.26,0.28,0.0,26,0,0
1771687326.33,0.177,0.0,26,0,0
1771687326.4,0.16,0.023,26,0,0
1771687326.47,0.187,0.0,26,0,0
1771687326.53,0.226,0.0,27,0,0
1771687326.59,0.137,0.084,27,0,0
1771687326.66,0.092,0.016,27,0,0
1771687326.72,0.146,0.0,27,0,0
1771687326.8,0.27,0.0,28,0,0
1771687326.87,0.267,0.0,28,0,0
1771687326.93,0.248,0.0,28,0,0
1771687326.99,0.267,0.0,28,0,0
1771687327.06,0.291,0.0,28,0,0
1771687327.12,0.282,0.016,28,0,0
1771687327.2,0.279,0.0,28,0,0
1771687327.27,0.274,0.0,28,0,0
1771687327.33,0.276,0.0,28,0,0
1771687327.4,0.274,0.023,28,0,0
1771687327.46,0.265,0.032,28,0,0
1771687327.53,0.271,0.016,28,0,0
1771687327.61,0.285,0.049,28,0,0
1771687327.67,0.341,0.05,28,0,0
1771687327.73,0.297,0.046,28,0,0
1771687327.8,0.305,0.015,28,0,0
1771687327.86,0.283,0.03,28,0,0
1771687327.92,0.316,0.044,28,0,0
1771687328.0,0.31,0.0,28,0,0
1771687328.07,0.297,0.0,28,0,0
1771687328.13,0.313,0.015,28,0,0
1771687328.2,0.323,0.016,28,0,0
1771687328.26,0.314,0.016,28,0,0
1771687328.34,0.298,0.0,28,0,0
1771687328.4,0.298,0.0,28,0,0
1771687328.47,0.302,0.016,28,0,0
1771687328.53,0.326,0.016,28,0,0
1771687328.6,0.307,0.016,28,0,0
1771687328.66,0.313,0.023,28,0,0
1771687328.74,0.312,0.0,28,0,0
1771687328.81,0.298,0.0,28,0,0
1771687328.87,0.305,0.064,28,0,0
1771687328.93,0.316,0.017,28,0,0
1771687329.0,0.329,0.0,28,0,0
1771687329.06,0.327,0.016,28,0,0
1771687329.14,0.326,0.016,28,0,0
1771687329.21,0.328,0.023,28,0,0
1771687329.27,0.319,0.016,28,0,0
1771687329.33,0.3,0.036,28,0,0
1771687329.39,0.299,0.0,28,0,0
1771687329.46,0.313,0.016,28,0,0
1771687329.54,0.303,0.016,28,0,0
1771687329.6,0.3,0.0,28,0,0
1771687329.67,0.292,0.016,28,0,0
1771687329.73,0.276,0.0,28,0,0
1771687329.8,0.281,0.0,28,0,0
1771687329.86,0.258,0.022,28,0,0
1771687329.94,0.255,0.016,28,0,0
1771687330.0,0.258,0.015,28,0,0
1771687330.07,0.247,0.049,28,0,0
1771687330.14,0.09,0.016,28,0,0
1771687330.2,0.096,0.0,28,0,0
1771687330.28,0.305,0.073,28,0,0
1771687330.34,0.297,0.014,28,0,0
1771687330.4,0.287,0.029,28,0,0
1771687330.47,0.334,0.022,28,0,0
1771687330.53,0.315,0.0,28,0,0
1771687330.6,0.297,0.015,28,0,0
1771687330.67,0.253,0.017,28,0,0
1771687330.74,0.065,0.017,28,0,0
1771687330.8,0.159,0.017,28,0,0
1771687330.87,0.295,0.016,28,0,0
1771687330.93,0.305,0.049,28,0,0
1771687331.0,0.311,0.033,28,0,0
1771687331.09,0.305,0.0,28,0,0
1771687331.16,0.321,0.0,28,0,0
1771687331.22,0.335,0.016,28,0,0
1771687331.28,0.344,0.016,28,0,0
1771687331.33,0.337,0.016,28,0,0
1771687331.39,0.351,0.0,28,0,0
1771687331.48,0.31,0.033,28,0,0
1771687331.54,0.312,0.017,28,0,0
1771687331.6,0.312,0.016,28,0,0
1771687331.67,0.321,0.0,28,0,0
1771687331.74,0.332,0.016,28,0,0
1771687331.8,0.312,0.0,28,0,0
1771687331.88,0.328,0.0,28,0,0
1771687331.94,0.326,0.0,28,0,0
1771687332.01,0.325,0.0,28,0,0
1771687332.07,0.336,0.017,28,0,0
1771687332.13,0.321,0.017,28,0,0
1771687332.21,0.323,0.0,28,0,0
1771687332.28,0.321,0.0,28,0,0
1771687332.34,0.316,0.0,28,0,0
1771687332.4,0.308,0.016,28,0,0
1771687332.48,0.326,0.0,28,0,0
1771687332.54,0.32,0.0,28,0,0
1771687332.61,0.326,0.0,28,0,0
1771687332.68,0.325,0.023,28,0,0
1771687332.75,0.317,0.016,28,0,0
1771687332.83,0.318,0.016,28,0,0
1771687332.91,0.327,0.0,28,0,0
1771687332.97,0.322,0.0,28,0,0
1771687333.03,0.303,0.0,28,0,0
1771687333.09,0.321,0.0,28,0,0
1771687333.14,0.299,0.0,28,0,0
1771687333.2,0.301,0.0,28,0,0
1771687333.27,0.281,0.015,28,0,0
1771687333.33,0.286,0.0,28,0,0
1771687333.42,0.285,0.0,28,0,0
1771687333.48,0.294,0.0,28,0,0
1771687333.55,0.301,0.016,28,0,0
1771687333.61,0.277,0.0,28,0,0
1771687333.68,0.3,0.0,28,0,0
1771687333.73,0.285,0.0,28,0,0
1771687333.82,0.279,0.024,28,0,0
1771687333.88,0.296,0.0,28,0,0
1771687333.95,0.319,0.0,28,0,0
1771687334.01,0.225,0.019,28,0,0
1771687334.07,0.168,0.0,28,0,0
1771687334.15,0.213,0.016,28,0,0
1771687334.21,0.205,0.015,28,0,0
1771687334.28,0.232,0.0,28,0,0
1771687334.34,0.176,0.013,28,0,0
1771687334.4,0.235,0.0,28,0,0
1771687334.47,0.25,0.016,28,0,0
1771687334.62,0.249,0.0,28,0,0
1771687334.68,0.263,0.0,28,0,0
1771687334.74,0.186,0.022,28,0,0
1771687334.81,0.246,0.0,28,0,0
1771687334.88,0.212,0.022,28,0,0
1771687335.02,0.237,0.019,28,0,0
1771687335.08,0.248,0.0,28,0,0
1771687335.14,0.238,0.019,28,0,0
1771687335.2,0.233,0.0,28,0,0
1771687335.27,0.254,0.018,28,0,0
1771687335.35,0.264,0.017,28,0,0
1771687335.41,0.255,0.024,28,0,0
1771687335.48,0.219,0.018,28,0,0
1771687335.54,0.263,0.0,28,0,0
1771687335.61,0.234,0.0,28,0,0
1771687335.67,0.253,0.019,28,0,0
1771687335.75,0.241,0.0,28,0,0
1771687335.82,0.271,0.018,28,0,0
1771687335.88,0.301,0.019,28,0,0
1771687335.94,0.287,0.019,28,0,0
1771687336.01,0.302,0.0,28,0,0
1771687336.09,0.295,0.0,28,0,0
1771687336.15,0.29,0.0,28,0,0
1771687336.21,0.294,0.0,28,0,0
1771687336.3,0.291,0.0,28,0,0
1771687336.37,0.306,0.0,28,0,0
1771687336.44,0.306,0.0,28,0,0
1771687336.49,0.292,0.0,28,0,0
1771687336.56,0.308,0.0,28,0,0
1771687336.61,0.296,0.0,28,0,0
1771687336.68,0.281,0.0,28,0,0
1771687336.75,0.286,0.0,28,0,0
1771687336.82,0.28,0.0,28,0,0
1771687336.9,0.256,0.0,28,0,0
1771687336.96,0.241,0.0,28,0,0
1771687337.02,0.254,0.0,28,0,0
1771687337.08,0.241,0.0,28,0,0
1771687337.18,0.283,0.0,28,0,0
1771687337.23,0.287,0.019,28,0,0
1771687337.29,0.267,0.0,28,0,0
1771687337.35,0.289,0.0,28,0,0
1771687337.48,0.18,0.0,28,0,0
1771687337.54,0.172,0.102,28,0,0
1771687337.61,0.272,0.023,28,0,0
1771687337.82,0.238,0.074,28,0,0
1771687337.88,0.276,0.133,28,0,0
1771687337.94,0.191,0.016,28,0,0
1771687338.01,0.239,0.017,28,0,0
1771687338.09,0.293,0.014,28,0,0
1771687338.15,0.318,0.016,28,0,0
1771687338.21,0.329,0.029,28,0,0
1771687338.34,0.347,0.0,28,0,0
1771687338.42,0.324,0.012,28,0,0
1771687338.49,0.125,0.0,28,0,0
1771687338.55,0.092,0.017,28,0,0
1771687338.61,0.151,0.0,28,0,0
1771687338.68,0.268,0.0,29,0,0
1771687338.75,0.276,0.0,29,0,0
1771687338.82,0.256,0.0,29,0,0
1771687338.88,0.263,0.0,29,0,0
1771687338.95,0.27,0.0,29,0,0
1771687339.01,0.257,0.013,29,0,0
1771687339.08,0.264,0.0,29,0,0
1771687339.14,0.269,0.019,29,0,0
1771687339.23,0.274,0.0,29,0,0
1771687339.29,0.268,0.013,29,0,0
1771687339.35,0.276,0.0,29,0,0
1771687339.41,0.274,0.02,29,0,0
1771687339.48,0.311,0.0,29,0,0
1771687339.54,0.281,0.0,29,0,0
1771687339.62,0.291,0.015,29,0,0
1771687339.69,0.278,0.014,29,0,0
1771687339.75,0.284,0.0,29,0,0
1771687339.81,0.289,0.014,29,0,0
1771687339.88,0.329,0.015,29,0,0
1771687339.94,0.299,0.02,29,0,0
1771687340.02,0.305,0.021,29,0,0
1771687340.08,0.278,0.0,29,0,0
1771687340.15,0.261,0.015,29,0,0
1771687340.21,0.249,0.0,29,0,0
1771687340.28,0.244,0.015,29,0,0
1771687340.36,0.26,0.0,29,0,0
1771687340.42,0.259,0.0,29,0,0
1771687340.48,0.257,0.014,29,0,0
1771687340.57,0.257,0.0,29,0,0
1771687340.64,0.255,0.015,29,0,0
1771687340.71,0.249,0.028,29,0,0
1771687340.77,0.247,0.0,29,0,0
1771687340.82,0.244,0.028,29,0,0
1771687340.89,0.262,0.0,29,0,0
1771687340.95,0.261,0.0,29,0,0
1771687341.01,0.255,0.014,29,0,0
1771687341.08,0.26,0.014,29,0,0
1771687341.16,0.258,0.0,29,0,0
1771687341.22,0.261,0.015,29,0,0
1771687341.28,0.263,0.0,29,0,0
1771687341.35,0.258,0.015,29,0,0
1771687341.41,0.26,0.015,29,0,0
1771687341.49,0.263,0.0,29,0,0
1771687341.56,0.251,0.015,29,0,0
1771687341.62,0.258,0.02,29,0,0
1771687341.68,0.261,0.0,29,0,0
1771687341.75,0.213,0.015,29,0,0
1771687341.81,0.103,0.0,29,0,0
1771687341.88,0.193,0.0,29,0,0
1771687341.95,0.21,0.014,29,0,0
1771687342.02,0.236,0.057,30,0,0
1771687342.09,0.24,0.0,30,0,0
1771687342.15,0.264,0.014,30,0,0
1771687342.21,0.248,0.0,30,0,0
1771687342.3,0.252,0.0,30,0,0
1771687342.36,0.244,0.0,30,0,0
1771687342.42,0.252,0.0,30,0,0
1771687342.48,0.25,0.0,30,0,0
1771687342.55,0.255,0.0,30,0,0
1771687342.61,0.257,0.0,30,0,0
1771687342.69,0.264,0.0,30,0,0
1771687342.77,0.266,0.0,30,0,0
1771687342.82,0.273,0.0,30,0,0
1771687342.89,0.269,0.0,30,0,0
1771687342.95,0.284,0.0,30,0,0
1771687343.02,0.262,0.0,30,0,0
1771687343.09,0.269,0.0,30,0,0
1771687343.15,0.257,0.0,30,0,0
1771687343.22,0.258,0.0,30,0,0
1771687343.28,0.266,0.0,30,0,0
1771687343.35,0.269,0.014,30,0,0
1771687343.41,0.266,0.0,30,0,0
1771687343.5,0.277,0.015,30,0,0
1771687343.56,0.271,0.0,30,0,0
1771687343.62,0.273,0.0,30,0,0
1771687343.68,0.277,0.0,30,0,0
1771687343.75,0.274,0.0,30,0,0
1771687343.81,0.268,0.015,30,0,0
1771687343.89,0.274,0.0,30,0,0
1771687343.96,0.274,0.0,30,0,0
1771687344.02,0.28,0.0,30,0,0
1771687344.08,0.28,0.0,30,0,0
1771687344.15,0.298,0.0,30,0,0
1771687344.23,0.282,0.0,30,0,0
1771687344.29,0.039,0.014,30,0,0
1771687344.35,0.073,0.0,30,0,0
1771687344.42,0.207,0.0,30,0,0
1771687344.48,0.251,0.0,31,0,0
1771687344.55,0.272,0.014,31,0,0
1771687344.63,0.266,0.0,31,0,0
1771687344.7,0.253,0.0,31,0,0
1771687344.76,0.258,0.0,31,0,0
1771687344.82,0.264,0.014,31,0,0
1771687344.88,0.266,0.0,31,0,0
1771687344.95,0.269,0.0,31,0,0
1771687345.03,0.274,0.0,31,0,0
1771687345.1,0.293,0.0,31,0,0
1771687345.16,0.282,0.0,31,0,0
1771687345.22,0.242,0.0,31,0,0
1771687345.29,0.056,0.0,31,0,0
1771687345.35,0.068,0.014,31,0,0
1771687345.43,0.058,0.027,31,0,0
1771687345.49,0.116,0.014,31,0,0
1771687345.55,0.216,0.013,32,0,0
1771687345.62,0.24,0.102,32,0,0
1771687345.69,0.239,0.013,32,0,0
1771687345.75,0.245,0.0,32,0,0
1771687345.83,0.251,0.0,32,0,0
1771687345.9,0.248,0.014,32,0,0
1771687345.96,0.25,0.013,32,0,0
1771687346.02,0.26,0.014,32,0,0
1771687346.08,0.266,0.0,32,0,0
1771687346.17,0.274,0.014,32,0,0
1771687346.23,0.253,0.014,32,0,0
1771687346.29,0.046,0.0,32,0,0
1771687346.36,0.058,0.0,32,0,0
1771687346.42,0.222,0.0,32,0,0
1771687346.48,0.3,0.0,32,0,0
1771687346.56,0.302,0.015,32,0,0
1771687346.64,0.306,0.014,32,0,0
1771687346.7,0.308,0.0,32,0,0
1771687346.76,0.314,0.015,32,0,0
1771687346.82,0.311,0.0,32,0,0
1771687346.88,0.3,0.0,32,0,0
1771687346.97,0.32,0.014,32,0,0
1771687347.03,0.304,0.014,32,0,0
1771687347.09,0.127,0.031,32,0,0
1771687347.15,0.106,0.028,32,0,0
1771687347.22,0.141,0.0,32,0,0
1771687347.28,0.233,0.014,33,0,0
1771687347.37,0.254,0.0,33,0,0
1771687347.43,0.255,0.069,33,0,0
1771687347.49,0.259,0.083,33,0,0
1771687347.56,0.281,0.118,33,0,0
1771687347.62,0.268,0.068,33,0,0
1771687347.68,0.282,0.056,33,0,0
1771687347.76,0.288,0.085,33,0,0
1771687347.83,0.279,0.102,33,0,0
1771687347.89,0.285,0.058,33,0,0
1771687347.96,0.265,0.072,33,0,0
1771687348.02,0.286,0.072,33,0,0
1771687348.1,0.286,0.033,33,0,0
1771687348.17,0.286,0.059,33,0,0
1771687348.23,0.279,0.0,33,0,0
1771687348.29,0.259,0.014,33,0,0
1771687348.36,0.279,0.0,33,0,0
1771687348.42,0.266,0.013,33,0,0
1771687348.5,0.252,0.019,33,0,0
1771687348.56,0.239,0.0,33,0,0
1771687348.63,0.236,0.0,33,0,0
1771687348.69,0.268,0.013,33,0,0
1771687348.76,0.238,0.031,33,0,0
1771687348.82,0.087,0.03,33,0,0
1771687348.9,0.065,0.056,33,0,0
1771687348.97,0.165,0.019,33,0,0
1771687349.03,0.184,0.0,33,0,0
1771687349.09,0.209,0.02,33,0,0
1771687349.16,0.218,0.0,34,0,0
1771687349.22,0.231,0.0,34,0,0
1771687349.3,0.24,0.0,34,0,0
1771687349.37,0.217,0.014,34,0,0
1771687349.43,0.229,0.0,34,0,0
1771687349.49,0.248,0.0,34,0,0
1771687349.56,0.243,0.014,34,0,0
1771687349.62,0.256,0.0,34,0,0
1771687349.7,0.253,0.0,34,0,0
1771687349.77,0.26,0.0,34,0,0
1771687349.83,0.266,0.0,34,0,0
1771687349.89,0.267,0.0,34,0,0
1771687349.96,0.261,0.0,34,0,0
1771687350.02,0.27,0.0,34,0,0
1771687350.1,0.282,0.0,34,0,0
1771687350.16,0.272,0.0,34,0,0
1771687350.23,0.289,0.014,34,0,0
1771687350.29,0.305,0.0,34,0,0
1771687350.36,0.293,0.0,34,0,0
1771687350.44,0.289,0.0,34,0,0
1771687350.5,0.286,0.0,34,0,0
1771687350.57,0.286,0.014,34,0,0
1771687350.63,0.291,0.0,34,0,0
1771687350.69,0.282,0.0,34,0,0
1771687350.76,0.287,0.0,34,0,0
1771687350.84,0.28,0.0,34,0,0
1771687350.9,0.252,0.0,34,0,0
1771687350.96,0.186,0.0,34,0,0
1771687351.03,0.183,0.014,34,0,0
1771687351.09,0.228,0.028,34,0,0
1771687351.16,0.228,0.014,34,0,0
1771687351.24,0.227,0.014,34,0,0
1771687351.3,0.222,0.014,34,0,0
1771687351.37,0.243,0.014,34,0,0
1771687351.43,0.227,0.0,34,0,0
1771687351.49,0.235,0.0,34,0,0
1771687351.56,0.23,0.0,34,0,0
1771687351.64,0.234,0.0,34,0,0
1771687351.7,0.233,0.0,34,0,0
1771687351.77,0.234,0.0,34,0,0
1771687351.85,0.24,0.0,34,0,0
1771687351.92,0.241,0.0,34,0,0
1771687351.98,0.25,0.0,34,0,0
1771687352.04,0.251,0.0,34,0,0
1771687352.1,0.242,0.0,34,0,0
1771687352.16,0.246,0.0,34,0,0
1771687352.23,0.253,0.0,34,0,0
1771687352.29,0.247,0.013,34,0,0
1771687352.38,0.259,0.0,34,0,0
1771687352.44,0.252,0.0,34,0,0
1771687352.5,0.258,0.014,34,0,0
1771687352.57,0.264,0.0,34,0,0
1771687352.64,0.261,0.014,34,0,0
1771687352.69,0.256,0.0,34,0,0
1771687352.77,0.264,0.0,34,0,0
1771687352.84,0.264,0.0,34,0,0
1771687352.9,0.259,0.014,34,0,0
1771687352.97,0.265,0.0,34,0,0
1771687353.04,0.262,0.0,34,0,0
1771687353.11,0.256,0.0,34,0,0
1771687353.19,0.262,0.0,34,0,0
1771687353.2,0.262,0.0,34,0,0
1771687353.31,0.258,0.0,34,0,0
1771687353.39,0.256,0.0,34,0,0
1771687353.47,0.26,0.0,34,0,0
1771687353.49,0.262,0.0,34,0,0
1771687353.58,0.265,0.0,34,0,0
1771687353.65,0.261,0.0,34,0,0
1771687353.71,0.267,0.0,34,0,0
1771687353.76,0.266,0.0,34,0,0
1771687353.83,0.249,0.0,34,0,0
1771687353.89,0.261,0.0,34,0,0
1771687353.98,0.262,0.014,34,0,0
1771687354.04,0.267,0.014,34,0,0
1771687354.1,0.267,0.0,34,0,0
1771687354.17,0.266,0.0,34,0,0
1771687354.24,0.266,0.014,34,0,0
1771687354.32,0.252,0.014,34,0,0
1771687354.38,0.19,0.0,34,0,0
1771687354.44,0.196,0.029,34,0,0
1771687354.51,0.251,0.023,34,0,0
1771687354.56,0.252,0.0,34,0,0
1771687354.63,0.26,0.0,34,0,0
1771687354.71,0.263,0.0,34,0,0
1771687354.78,0.294,0.0,34,0,0
1771687354.84,0.279,0.02,34,0,0
1771687355.05,0.221,0.019,34,0,0
1771687355.11,0.125,0.0,34,0,0
1771687355.18,0.168,0.027,34,0,0
1771687355.24,0.188,0.0,34,0,0
1771687355.3,0.202,0.0,34,0,0
1771687355.36,0.231,0.0,35,0,0
1771687355.43,0.204,0.0,35,0,0
1771687355.52,0.177,0.0,35,0,0
1771687355.58,0.23,0.0,35,0,0
1771687355.71,0.222,0.02,35,0,0
1771687355.77,0.203,0.029,35,0,0
1771687355.83,0.282,0.0,35,0,0
1771687355.91,0.288,0.02,35,0,0
1771687355.97,0.312,0.044,35,0,0
1771687356.04,0.326,0.0,35,0,0
1771687356.1,0.276,0.02,35,0,0
1771687356.17,0.255,0.021,35,0,0
1771687356.25,0.275,0.022,35,0,0
1771687356.31,0.297,0.0,35,0,0
1771687356.37,0.301,0.019,35,0,0
1771687356.44,0.309,0.026,35,0,0
1771687356.51,0.3,0.019,35,0,0
1771687356.56,0.299,0.02,35,0,0
1771687356.65,0.209,0.0,35,0,0
1771687356.71,0.277,0.087,35,0,0
1771687356.84,0.233,0.021,35,0,0
1771687356.9,0.245,0.024,35,0,0
1771687356.97,0.238,0.02,35,0,0
1771687357.08,0.231,0.241,35,0,0
1771687357.15,0.22,0.141,35,0,0
1771687357.21,0.181,0.0,35,0,0
1771687357.26,0.207,0.019,35,0,0
1771687357.32,0.211,0.039,35,0,0
1771687357.37,0.214,0.044,35,0,0
1771687357.45,0.174,0.0,35,0,0
1771687357.51,0.208,0.018,35,0,0
1771687357.57,0.202,0.023,35,0,0
1771687357.64,0.238,0.0,36,0,0
1771687357.7,0.155,0.048,36,0,0
1771687357.77,0.147,0.0,36,0,0
1771687357.85,0.216,0.0,36,0,0
1771687357.97,0.218,0.051,36,0,0
1771687358.04,0.222,0.014,36,0,0
1771687358.1,0.186,0.0,36,0,0
1771687358.19,0.268,0.0,36,0,0
1771687358.26,0.287,0.0,36,0,0
1771687358.31,0.298,0.0,36,0,0
1771687358.37,0.245,0.027,36,0,0
1771687358.44,0.151,0.045,36,0,0
1771687358.5,0.237,0.016,36,0,0
1771687358.58,0.215,0.069,36,0,0
1771687358.65,0.206,0.035,36,0,0
1771687358.71,0.19,0.0,36,0,0
1771687358.77,0.2,0.019,36,0,0
1771687358.84,0.224,0.037,37,0,0
1771687358.91,0.249,0.07,37,0,0
1771687358.98,0.221,0.0,37,0,0
1771687359.31,0.277,0.029,37,0,0
1771687359.38,0.237,0.0,37,0,0
1771687359.45,0.292,0.077,37,0,0
1771687359.51,0.279,0.0,37,0,0
1771687359.57,0.303,0.016,37,0,0
1771687359.64,0.297,0.016,37,0,0
1771687359.7,0.266,0.0,37,0,0
1771687359.78,0.278,0.0,37,0,0
1771687359.85,0.302,0.015,37,0,0
1771687359.91,0.283,0.015,37,0,0
1771687359.97,0.284,0.029,37,0,0
1771687360.04,0.309,0.033,37,0,0
1771687360.12,0.305,0.03,37,0,0
1771687360.18,0.322,0.035,37,0,0
1771687360.25,0.308,0.015,37,0,0
1771687360.31,0.317,0.064,37,0,0
1771687360.37,0.304,0.031,37,0,0
1771687360.44,0.298,0.032,37,0,0
1771687360.52,0.253,0.0,37,0,0
1771687360.58,0.152,0.015,37,0,0
1771687360.64,0.22,0.018,37,0,0
1771687361.13,0.222,0.024,37,0,0
1771687361.18,0.203,0.0,37,0,0
1771687361.24,0.208,0.0,37,0,0
1771687361.32,0.157,0.0,37,0,0
1771687361.38,0.19,0.046,37,0,0
1771687361.44,0.216,0.023,38,0,0
1771687361.51,0.145,0.022,38,0,0
1771687361.57,0.174,0.0,38,0,0
1771687361.64,0.145,0.025,38,0,0
1771687361.72,0.229,0.0,39,0,0
1771687361.79,0.19,0.0,39,0,0
1771687361.84,0.219,0.0,39,0,0
1771687361.91,0.19,0.022,39,0,0
1771687361.97,0.14,0.044,39,0,0
1771687362.04,0.221,0.192,39,0,0
1771687362.12,0.242,0.0,39,0,0
1771687362.19,0.18,0.022,39,0,0
1771687362.28,0.222,0.0,39,0,0
1771687362.34,0.222,0.046,39,0,0
1771687362.4,0.185,0.0,39,0,0
1771687362.46,0.21,0.023,39,0,0
1771687362.52,0.201,0.022,39,0,0
1771687362.58,0.19,0.022,39,0,0
1771687362.64,0.167,0.071,39,0,0
1771687362.71,0.203,0.03,39,0,0
1771687366.86,0.266,0.026,40,0,0
1771687367.01,0.331,0.038,40,0,0
1771687367.07,0.312,0.028,40,0,0
1771687367.13,0.319,0.081,40,0,0
1771687367.19,0.288,0.101,40,0,0
1771687367.25,0.342,0.161,40,0,0
1771687367.32,0.306,0.0,40,0,0
1771687367.38,0.285,0.15,40,0,0
1771687367.49,0.282,0.103,40,0,0
1771687367.55,0.287,0.0,40,0,0
1771687367.61,0.284,0.0,40,0,0
1771687367.66,0.335,0.106,40,0,0
1771687367.72,0.285,0.0,40,0,0
1771687367.78,0.324,0.097,40,0,0
1771687367.85,0.285,0.076,40,0,0
1771687367.93,0.302,0.035,40,0,0
1771687367.99,0.311,0.102,40,0,0
1771687368.05,0.333,0.124,40,0,0
1771687368.12,0.301,0.124,40,0,0
1771687368.18,0.32,0.129,40,0,0
1771687368.26,0.331,0.093,40,0,0
1771687368.33,0.309,0.097,40,0,0
1771687368.39,0.298,0.07,40,0,0
1771687368.46,0.259,0.09,40,0,0
1771687368.53,0.304,0.097,40,0,0
1771687368.58,0.327,0.032,40,0,0
1771687368.67,0.301,0.03,40,0,0
1771687368.73,0.329,0.062,40,0,0
1771687368.79,0.326,0.124,40,0,0
1771687368.86,0.335,0.062,40,0,0
1771687368.92,0.273,0.067,40,0,0
1771687368.98,0.319,0.117,40,0,0
1771687369.07,0.327,0.03,40,0,0
1771687369.12,0.308,0.087,40,0,0
1771687369.2,0.324,0.065,40,0,0
1771687369.26,0.326,0.093,40,0,0
1771687369.32,0.316,0.17,40,0,0
1771687369.38,0.295,0.149,40,0,0
1771687369.46,0.282,0.146,40,0,0
1771687369.53,0.293,0.144,40,0,0
1771687369.6,0.296,0.14,40,0,0
1771687369.66,0.283,0.057,40,0,0
1771687369.73,0.306,0.03,40,0,0
1771687369.78,0.309,0.056,40,0,0
1771687369.86,0.298,0.164,40,0,0
1771687369.93,0.293,0.089,40,0,0
1771687369.99,0.301,0.234,40,0,0
1771687370.05,0.31,0.205,40,0,0
1771687370.12,0.325,0.264,40,0,0
1771687370.2,0.344,0.232,40,0,0
1771687370.27,0.305,0.205,40,0,0
1771687370.33,0.298,0.219,40,0,0
1771687370.4,0.326,0.234,40,0,0
1771687370.46,0.327,0.227,40,0,0
1771687370.52,0.332,0.122,40,0,0
1771687370.6,0.326,0.175,40,0,0
1771687370.67,0.327,0.086,40,0,0
1771687370.73,0.338,0.145,40,0,0
1771687370.79,0.307,0.198,40,0,0
1771687370.86,0.306,0.172,40,0,0
1771687370.92,0.301,0.175,40,0,0
1771687371.0,0.331,0.203,40,0,0
1771687371.06,0.31,0.152,40,0,0
1771687371.13,0.304,0.217,40,0,0
1771687371.19,0.312,0.116,40,0,0
1771687371.26,0.311,0.097,40,0,0
1771687371.32,0.314,0.152,40,0,0
1771687371.4,0.298,0.124,40,0,0
1771687371.46,0.292,0.085,40,0,0
1771687371.53,0.305,0.171,40,0,0
1771687371.59,0.321,0.144,40,0,0
1771687371.66,0.299,0.265,40,0,0
1771687371.72,0.305,0.082,40,0,0
1771687371.8,0.324,0.113,40,0,0
1771687371.86,0.324,0.234,40,0,0
1771687371.93,0.331,0.186,40,0,0
1771687371.99,0.332,0.204,40,0,0
1771687372.05,0.31,0.213,40,0,0
1771687372.14,0.31,0.095,40,0,0
1771687372.2,0.314,0.032,40,0,0
1771687372.26,0.313,0.029,40,0,0
1771687372.33,0.306,0.041,40,0,0
1771687372.39,0.301,0.056,40,0,0
1771687372.45,0.311,0.042,40,0,0
1771687372.54,0.289,0.0,40,0,0
1771687372.61,0.305,0.032,40,0,0
1771687372.69,0.314,0.0,40,0,0
1771687372.76,0.335,0.0,40,0,0
1771687372.81,0.325,0.0,40,0,0
1771687372.86,0.338,0.0,40,0,0
1771687372.93,0.336,0.0,40,0,0
1771687373.0,0.348,0.0,40,0,0
1771687373.07,0.321,0.033,40,0,0
1771687373.13,0.326,0.0,40,0,0
1771687373.2,0.306,0.066,40,0,0
1771687373.26,0.32,0.126,40,0,0
1771687373.34,0.352,0.071,40,0,0
1771687373.4,0.326,0.092,40,0,0
1771687373.46,0.331,0.119,40,0,0
1771687373.53,0.294,0.178,40,0,0
1771687373.6,0.315,0.031,40,0,0
1771687373.66,0.316,0.0,40,0,0
1771687373.73,0.303,0.0,40,0,0
1771687373.8,0.292,0.03,40,0,0
1771687373.86,0.31,0.092,40,0,0
1771687373.93,0.298,0.059,40,0,0
1771687373.99,0.321,0.03,40,0,0
1771687374.06,0.317,0.088,40,0,0
1771687374.13,0.312,0.093,40,0,0
1771687374.2,0.318,0.2,40,0,0
1771687374.27,0.31,0.184,40,0,0
1771687374.32,0.309,0.15,40,0,0
1771687374.39,0.308,0.147,40,0,0
1771687374.47,0.327,0.202,40,0,0
1771687374.53,0.318,0.178,40,0,0
1771687374.6,0.347,0.239,40,0,0
1771687374.66,0.332,0.192,40,0,0
1771687374.73,0.32,0.221,40,0,0
1771687374.8,0.315,0.184,40,0,0
1771687374.87,0.336,0.22,40,0,0
1771687374.93,0.303,0.228,40,0,0
1771687375.0,0.323,0.222,40,0,0
1771687375.06,0.28,0.191,40,0,0
1771687375.13,0.283,0.224,40,0,0
1771687375.19,0.324,0.216,40,0,0
1771687375.27,0.324,0.19,40,0,0
1771687375.34,0.318,0.25,40,0,0
1771687375.4,0.318,0.264,40,0,0
1771687375.46,0.314,0.259,40,0,0
1771687375.53,0.346,0.197,40,0,0
1771687375.59,0.32,0.067,40,0,0
1771687375.67,0.32,0.134,40,0,0
1771687375.74,0.352,0.106,40,0,0
1771687375.8,0.314,0.134,40,0,0
1771687375.86,0.333,0.204,40,0,0
1771687375.93,0.34,0.166,40,0,0
1771687375.99,0.312,0.186,40,0,0
1771687376.08,0.323,0.195,40,0,0
1771687376.14,0.333,0.199,40,0,0
1771687376.2,0.318,0.222,40,0,0
1771687376.26,0.3,0.222,40,0,0
1771687376.33,0.315,0.19,40,0,0
1771687376.41,0.323,0.191,40,0,0
1771687376.47,0.319,0.246,40,0,0
1771687376.54,0.353,0.244,40,0,0
1771687376.6,0.315,0.23,40,0,0
1771687376.67,0.314,0.191,40,0,0
1771687376.72,0.328,0.222,40,0,0
1771687376.81,0.305,0.129,40,0,0
1771687376.88,0.331,0.16,40,0,0
1771687376.93,0.321,0.222,40,0,0
1771687377.01,0.326,0.191,40,0,0
1771687377.07,0.291,0.191,40,0,0
1771687377.13,0.3,0.16,40,0,0
1771687377.22,0.275,0.191,40,0,0
1771687377.28,0.309,0.222,40,0,0
1771687377.34,0.318,0.205,40,0,0
1771687377.41,0.309,0.205,40,0,0
1771687377.47,0.311,0.16,40,0,0
1771687377.53,0.303,0.18,40,0,0
1771687377.61,0.291,0.222,40,0,0
1771687377.67,0.302,0.222,40,0,0
1771687377.75,0.285,0.153,40,0,0
1771687377.82,0.328,0.21,40,0,0
1771687377.89,0.323,0.189,40,0,0
1771687377.97,0.33,0.186,40,0,0
1771687378.03,0.331,0.19,40,0,0
1771687378.1,0.312,0.216,40,0,0
1771687378.17,0.306,0.216,40,0,0
1771687378.22,0.324,0.179,40,0,0
1771687378.28,0.328,0.208,40,0,0
1771687378.34,0.357,0.21,40,0,0
1771687378.41,0.339,0.153,40,0,0
1771687378.48,0.334,0.13,40,0,0
1771687378.55,0.33,0.152,40,0,0
1771687378.61,0.332,0.147,40,0,0
1771687378.67,0.334,0.091,40,0,0
1771687378.75,0.345,0.178,40,0,0
1771687378.81,0.335,0.216,40,0,0
1771687378.87,0.325,0.186,40,0,0
1771687378.95,0.324,0.16,40,0,0
1771687379.01,0.347,0.13,40,0,0
1771687379.07,0.363,0.222,40,0,0
1771687379.15,0.338,0.222,40,0,0
1771687379.21,0.314,0.186,40,0,0
1771687379.27,0.329,0.21,40,0,0
1771687379.34,0.338,0.191,40,0,0
1771687379.41,0.311,0.199,40,0,0
1771687379.47,0.304,0.187,40,0,0
1771687379.55,0.309,0.173,40,0,0
1771687379.61,0.307,0.232,40,0,0
1771687379.67,0.3,0.123,40,0,0
1771687379.74,0.311,0.205,40,0,0
1771687379.81,0.312,0.143,40,0,0
1771687379.87,0.308,0.147,40,0,0
1771687379.95,0.289,0.148,40,0,0
1771687380.02,0.308,0.204,40,0,0
1771687380.07,0.3,0.123,40,0,0
1771687380.14,0.305,0.119,40,0,0
1771687380.21,0.305,0.119,40,0,0
1771687380.29,0.314,0.029,40,0,0
1771687380.35,0.318,0.119,40,0,0
1771687380.41,0.302,0.147,40,0,0
1771687380.48,0.294,0.086,40,0,0
1771687380.54,0.298,0.122,40,0,0
1771687380.6,0.304,0.115,40,0,0
1771687380.68,0.319,0.148,40,0,0
1771687380.75,0.308,0.148,40,0,0
1771687380.81,0.313,0.152,40,0,0
1771687380.87,0.321,0.148,40,0,0
1771687380.94,0.314,0.145,40,0,0
1771687381.0,0.316,0.089,40,0,0
1771687381.08,0.308,0.148,40,0,0
1771687381.14,0.308,0.181,40,0,0
1771687381.21,0.288,0.148,40,0,0
1771687381.28,0.315,0.188,40,0,0
1771687381.34,0.296,0.157,40,0,0
1771687381.41,0.281,0.181,40,0,0
1771687381.48,0.298,0.205,40,0,0
1771687381.56,0.288,0.179,40,0,0
1771687381.62,0.29,0.149,40,0,0
1771687381.68,0.321,0.198,40,0,0
1771687381.74,0.283,0.169,40,0,0
1771687381.82,0.299,0.148,40,0,0
1771687381.88,0.292,0.116,40,0,0
1771687381.95,0.319,0.144,40,0,0
1771687382.01,0.292,0.176,40,0,0
1771687382.08,0.29,0.148,40,0,0
1771687382.14,0.272,0.177,40,0,0
1771687382.22,0.294,0.154,40,0,0
1771687382.28,0.308,0.154,40,0,0
1771687382.34,0.319,0.157,40,0,0
1771687382.4,0.328,0.175,40,0,0
1771687382.47,0.293,0.174,40,0,0
1771687382.54,0.293,0.148,40,0,0
1771687382.62,0.284,0.176,40,0,0
1771687382.68,0.311,0.205,40,0,0
1771687382.74,0.31,0.175,40,0,0
1771687382.81,0.299,0.152,40,0,0
1771687382.87,0.301,0.154,40,0,0
1771687382.94,0.305,0.148,40,0,0
1771687383.05,0.305,0.149,40,0,0
1771687383.11,0.327,0.1,40,0,0
1771687383.17,0.298,0.092,40,0,0
1771687383.23,0.31,0.061,40,0,0
1771687383.29,0.316,0.0,40,0,0
1771687383.34,0.324,0.089,40,0,0
1771687383.42,0.301,0.059,40,0,0
1771687383.48,0.311,0.03,40,0,0
1771687383.55,0.3,0.03,40,0,0
1771687383.61,0.295,0.061,40,0,0
1771687383.68,0.323,0.031,40,0,0
1771687383.74,0.305,0.087,40,0,0
1771687383.81,0.307,0.149,40,0,0
1771687383.88,0.302,0.124,40,0,0
1771687383.95,0.3,0.09,40,0,0
1771687384.01,0.304,0.124,40,0,0
1771687384.07,0.302,0.175,40,0,0
1771687384.13,0.29,0.206,40,0,0
1771687384.21,0.297,0.157,40,0,0
1771687384.28,0.29,0.171,40,0,0
1771687384.35,0.276,0.207,40,0,0
1771687384.41,0.286,0.172,40,0,0
1771687384.47,0.276,0.177,40,0,0
1771687384.55,0.313,0.177,40,0,0
1771687384.62,0.306,0.148,40,0,0
1771687384.69,0.303,0.095,40,0,0
1771687384.74,0.317,0.15,40,0,0
1771687384.81,0.294,0.153,40,0,0
1771687384.87,0.306,0.116,40,0,0
1771687384.95,0.32,0.141,40,0,0
1771687385.02,0.297,0.169,40,0,0
1771687385.08,0.324,0.175,40,0,0
1771687385.14,0.303,0.169,40,0,0
1771687385.21,0.285,0.228,40,0,0
1771687385.28,0.287,0.312,40,0,0
1771687385.36,0.324,0.312,40,0,0
1771687385.41,0.321,0.312,40,0,0
1771687385.48,0.305,0.218,40,0,0
1771687385.54,0.328,0.306,40,0,0
1771687385.61,0.295,0.32,40,0,0
1771687385.67,0.289,0.312,40,0,0
1771687385.75,0.285,0.271,40,0,0
1771687385.82,0.299,0.254,40,0,0
1771687385.88,0.298,0.266,40,0,0
1771687385.94,0.31,0.259,40,0,0
1771687386.01,0.328,0.267,40,0,0
1771687386.07,0.315,0.246,40,0,0
1771687386.15,0.313,0.22,40,0,0
1771687386.22,0.311,0.219,40,0,0
1771687386.33,0.309,0.219,40,0,0
1771687386.35,0.313,0.193,40,0,0
1771687386.41,0.298,0.219,40,0,0
1771687386.49,0.298,0.086,40,0,0
1771687386.55,0.303,0.219,40,0,0
1771687386.61,0.302,0.199,40,0,0
1771687386.68,0.29,0.139,40,0,0
1771687386.75,0.315,0.164,40,0,0
1771687386.81,0.322,0.232,40,0,0
1771687386.9,0.322,0.259,40,0,0
1771687386.98,0.334,0.148,40,0,0
1771687387.03,0.318,0.197,40,0,0
1771687387.09,0.305,0.284,40,0,0
1771687387.14,0.314,0.17,40,0,0
1771687387.17,0.329,0.264,40,0,0
1771687387.28,0.304,0.258,40,0,0
1771687387.34,0.335,0.286,40,0,0
1771687387.4,0.335,0.282,40,0,0
1771687387.46,0.352,0.213,40,0,0
1771687387.53,0.344,0.313,40,0,0
1771687387.59,0.331,0.16,40,0,0
1771687387.68,0.329,0.0,40,0,0
1771687387.75,0.341,0.03,40,0,0
1771687387.82,0.318,0.224,40,0,0
1771687387.89,0.324,0.225,40,0,0
1771687387.91,0.311,0.23,40,0,0
1771687388.01,0.341,0.257,40,0,0
1771687388.08,0.327,0.18,40,0,0
1771687388.15,0.343,0.257,40,0,0
1771687388.23,0.347,0.32,40,0,0
1771687388.31,0.322,0.284,40,0,0
1771687388.37,0.321,0.232,40,0,0
1771687388.43,0.32,0.03,40,0,0
1771687388.62,0.283,0.0,40,0,0
1771687388.74,0.291,0.0,40,0,0
1771687388.89,0.314,0.0,40,0,0
1771687389.02,0.224,0.025,40,0,0
1771687389.08,0.309,0.035,40,0,0
1771687389.48,0.305,0.049,40,0,0
1771687389.54,0.319,0.114,40,0,0
1771687389.69,0.289,0.069,40,0,0
1771687389.75,0.685,0.032,40,0,0
1771687389.82,1.211,0.036,40,0,0
1771687390.28,0.235,0.0,40,0,0
1771687390.37,0.209,0.026,40,0,0
1771687390.42,0.204,0.034,40,0,0
1771687390.49,0.258,0.022,40,0,0
1771687390.55,0.284,0.08,40,0,0
1771687390.61,0.216,0.0,40,0,0
1771687390.76,0.216,0.0,40,0,0
1771687390.82,0.212,0.023,40,0,0
1771687390.88,0.199,0.0,40,0,0
1771687390.95,0.21,0.022,40,0,0
1771687391.02,0.202,0.046,40,0,0
1771687391.08,0.255,0.206,41,0,0
1771687391.16,0.217,0.022,41,0,0
1771687391.22,0.227,0.0,41,0,0
1771687391.28,0.19,0.0,41,0,0
1771687391.35,0.204,0.0,41,0,0
1771687391.41,0.169,0.033,41,0,0
1771687391.48,0.228,0.131,42,0,0
1771687391.56,0.286,0.0,42,0,0
1771687391.62,0.252,0.025,42,0,0
1771687391.69,0.147,0.024,42,0,0
1771687391.75,0.199,0.05,42,0,0
1771687391.82,0.226,0.0,42,0,0
1771687391.88,0.201,0.024,42,0,0
1771687391.96,0.232,0.023,42,0,0
1771687392.02,0.301,0.0,42,0,0
1771687392.08,0.306,0.0,42,0,0
1771687392.15,0.22,0.031,42,0,0
1771687392.21,0.245,0.042,42,0,0
1771687392.29,0.232,0.057,42,0,0
1771687392.36,0.233,0.021,42,0,0
1771687392.42,0.223,0.021,42,0,0
1771687392.48,0.238,0.02,42,0,0
1771687392.55,0.303,0.02,42,0,0
1771687392.61,0.271,0.0,42,0,0
1771687392.69,0.247,0.0,42,0,0
1771687392.76,0.254,0.02,42,0,0
1771687392.82,0.272,0.0,42,0,0
1771687392.88,0.254,0.02,42,0,0
1771687392.95,0.251,0.02,42,0,0
1771687393.02,0.258,0.0,42,0,0
1771687393.09,0.256,0.0,42,0,0
1771687393.16,0.268,0.0,42,0,0
1771687393.22,0.263,0.02,42,0,0
1771687393.29,0.29,0.021,42,0,0
1771687393.36,0.291,0.11,42,0,0
1771687393.43,0.288,0.046,42,0,0
1771687393.5,0.294,0.087,42,0,0
1771687393.56,0.288,0.043,42,0,0
1771687393.62,0.279,0.022,42,0,0
1771687393.69,0.287,0.044,42,0,0
1771687393.75,0.294,0.068,42,0,0
1771687393.81,0.3,0.045,42,0,0
1771687393.9,0.306,0.045,42,0,0
1771687393.96,0.288,0.0,42,0,0
1771687394.02,0.279,0.0,42,0,0
1771687394.08,0.271,0.0,42,0,0
1771687394.15,0.303,0.02,42,0,0
1771687394.23,0.294,0.021,42,0,0
1771687394.29,0.303,0.021,42,0,0
1771687394.36,0.277,0.02,42,0,0
1771687394.42,0.273,0.018,42,0,0
1771687394.49,0.232,0.018,42,0,0
1771687394.55,0.273,0.018,42,0,0
1771687394.63,0.297,0.019,42,0,0
1771687394.7,0.298,0.0,42,0,0
1771687394.76,0.301,0.019,42,0,0
1771687394.82,0.226,0.02,42,0,0
1771687394.88,0.2,0.039,42,0,0
1771687394.95,0.223,0.02,42,0,0
1771687395.03,0.248,0.021,42,0,0
1771687395.09,0.259,0.0,42,0,0
1771687395.17,0.253,0.0,42,0,0
1771687395.22,0.263,0.0,42,0,0
1771687395.29,0.261,0.0,42,0,0
1771687395.35,0.263,0.0,42,0,0
1771687395.43,0.269,0.0,42,0,0
1771687395.49,0.255,0.0,42,0,0
1771687395.56,0.255,0.0,42,0,0
1771687395.62,0.241,0.0,42,0,0
1771687395.69,0.256,0.0,42,0,0
1771687395.75,0.253,0.0,42,0,0
1771687395.83,0.266,0.0,42,0,0
1771687395.9,0.288,0.0,42,0,0
1771687395.96,0.271,0.0,42,0,0
1771687396.02,0.27,0.02,42,0,0
1771687396.09,0.278,0.0,42,0,0
1771687396.15,0.27,0.021,42,0,0
1771687396.23,0.269,0.0,42,0,0
1771687396.29,0.272,0.0,42,0,0
1771687396.36,0.266,0.0,42,0,0
1771687396.42,0.262,0.02,42,0,0
1771687396.48,0.267,0.021,42,0,0
1771687396.57,0.255,0.02,42,0,0
1771687396.64,0.25,0.021,42,0,0
1771687396.69,0.252,0.0,42,0,0
1771687396.76,0.271,0.0,42,0,0
1771687396.82,0.288,0.0,42,0,0
1771687396.88,0.315,0.0,42,0,0
1771687396.96,0.311,0.022,42,0,0
1771687397.03,0.317,0.043,42,0,0
1771687397.09,0.32,0.041,42,0,0
1771687397.16,0.302,0.042,42,0,0
1771687397.23,0.236,0.021,42,0,0
1771687397.29,0.162,0.022,42,0,0
1771687397.36,0.149,0.023,42,0,0
1771687397.43,0.171,0.022,42,0,0
1771687397.5,0.211,0.0,43,0,0
1771687397.56,0.242,0.0,43,0,0
1771687397.63,0.223,0.0,43,0,0
1771687397.69,0.239,0.02,43,0,0
1771687397.77,0.244,0.138,43,0,0
1771687397.83,0.246,0.138,43,0,0
1771687397.9,0.247,0.157,43,0,0
1771687397.92,0.269,0.184,43,0,0
1771687398.03,0.27,0.27,43,0,0
1771687398.05,0.289,0.453,43,0,0
1771687398.17,0.308,0.355,43,0,0
1771687398.2,0.313,0.137,43,0,0
1771687398.26,0.293,0.025,43,0,0
1771687398.36,0.305,0.182,43,0,0
1771687398.43,0.254,0.019,43,0,0
1771687398.47,0.29,0.02,43,0,0
1771687398.53,0.241,0.144,43,0,0
1771687398.59,0.239,0.064,43,0,0
1771687398.66,0.239,0.042,43,0,0
1771687398.72,0.283,0.021,43,0,0
1771687398.78,0.272,0.053,43,0,0
1771687398.9,0.217,0.044,43,0,0
1771687398.97,0.229,0.09,43,0,0
1771687399.03,0.289,0.166,43,0,0
1771687399.09,0.288,0.134,43,0,0
1771687399.16,0.264,0.148,43,0,0
1771687399.22,0.278,0.085,43,0,0
1771687399.3,0.302,0.088,43,0,0
1771687399.37,0.314,0.107,43,0,0
1771687399.43,0.301,0.144,43,0,0
1771687399.49,0.338,0.107,43,0,0
1771687399.56,0.339,0.064,43,0,0
1771687399.62,0.332,0.069,43,0,0
1771687399.7,0.323,0.162,43,0,0
1771687399.77,0.321,0.109,43,0,0
1771687399.83,0.345,0.176,43,0,0
1771687399.9,0.346,0.092,43,0,0
1771687399.96,0.337,0.155,43,0,0
1771687400.02,0.299,0.135,43,0,0
1771687400.1,0.252,0.09,43,0,0
1771687400.17,0.177,0.147,43,0,0
1771687400.23,0.152,0.03,43,0,0
1771687400.29,0.205,0.064,43,0,0
1771687400.36,0.197,0.02,43,0,0
1771687400.44,0.239,0.021,44,0,0
1771687400.5,0.255,0.02,44,0,0
1771687400.56,0.241,0.111,44,0,0
1771687400.63,0.305,0.053,44,0,0
1771687400.7,0.299,0.193,44,0,0
1771687400.75,0.323,0.164,44,0,0
1771687400.84,0.294,0.037,44,0,0
1771687400.9,0.343,0.019,44,0,0
1771687400.96,0.35,0.019,44,0,0
1771687401.03,0.347,0.018,44,0,0
1771687401.09,0.338,0.026,44,0,0
1771687401.16,0.337,0.018,44,0,0
1771687401.24,0.358,0.0,44,0,0
1771687401.3,0.353,0.018,44,0,0
1771687401.37,0.364,0.0,44,0,0
1771687401.43,0.353,0.019,44,0,0
1771687401.49,0.334,0.0,44,0,0
1771687401.56,0.343,0.019,44,0,0
1771687401.65,0.338,0.021,44,0,0
1771687401.7,0.329,0.02,44,0,0
1771687401.77,0.336,0.019,44,0,0
1771687401.83,0.341,0.018,44,0,0
1771687401.9,0.331,0.027,44,0,0
1771687401.96,0.335,0.0,44,0,0
1771687402.04,0.34,0.0,44,0,0
1771687402.11,0.328,0.019,44,0,0
1771687402.17,0.325,0.016,44,0,0
1771687402.23,0.331,0.0,44,0,0
1771687402.3,0.285,0.0,44,0,0
1771687402.38,0.296,0.0,44,0,0
1771687402.44,0.267,0.023,44,0,0
1771687402.5,0.235,0.0,44,0,0
1771687402.56,0.222,0.018,44,0,0
1771687402.63,0.218,0.018,44,0,0
1771687402.69,0.197,0.0,44,0,0
1771687402.77,0.239,0.0,44,0,0
1771687402.84,0.248,0.0,44,0,0
1771687402.9,0.259,0.047,44,0,0
1771687402.96,0.239,0.029,44,0,0
1771687403.03,0.217,0.02,44,0,0
1771687403.09,0.206,0.02,44,0,0
1771687403.17,0.217,0.0,44,0,0
1771687403.23,0.217,0.0,44,0,0
1771687403.3,0.21,0.029,44,0,0
1771687403.36,0.22,0.019,44,0,0
1771687403.43,0.229,0.0,44,0,0
1771687403.49,0.238,0.019,44,0,0
1771687403.58,0.216,0.0,44,0,0
1771687403.64,0.199,0.017,44,0,0
1771687403.7,0.221,0.023,44,0,0
1771687403.78,0.184,0.021,44,0,0
1771687403.84,0.148,0.023,44,0,0
1771687403.89,0.204,0.0,44,0,0
1771687403.97,0.208,0.014,44,0,0
1771687404.04,0.26,0.0,45,0,0
1771687404.1,0.245,0.015,45,0,0
1771687404.17,0.258,0.015,45,0,0
1771687404.23,0.271,0.016,45,0,0
1771687404.31,0.276,0.016,45,0,0
1771687404.37,0.278,0.017,45,0,0
1771687404.44,0.271,0.017,45,0,0
1771687404.5,0.249,0.0,45,0,0
1771687404.56,0.221,0.017,45,0,0
1771687404.63,0.257,0.0,45,0,0
1771687404.71,0.146,0.0,45,0,0
1771687404.77,0.189,0.0,45,0,0
1771687404.84,0.208,0.031,45,0,0
1771687404.9,0.233,0.08,46,0,0
1771687404.97,0.142,0.159,46,0,0
1771687405.03,0.282,0.044,46,0,0
1771687405.11,0.199,0.021,46,0,0
1771687405.17,0.257,0.0,46,0,0
1771687405.24,0.224,0.0,46,0,0
1771687405.3,0.283,0.023,46,0,0
1771687405.37,0.314,0.0,46,0,0
1771687405.43,0.322,0.029,46,0,0
1771687405.51,0.3,0.0,46,0,0
1771687405.57,0.297,0.021,46,0,0
1771687405.64,0.228,0.022,46,0,0
1771687405.7,0.206,0.073,46,0,0
1771687405.77,0.225,0.349,46,0,0
1771687405.83,0.222,0.081,46,0,0
1771687405.91,0.248,0.099,46,0,0
1771687405.98,0.253,0.018,46,0,0
1771687406.04,0.255,0.0,46,0,0
1771687406.1,0.241,0.02,46,0,0
1771687406.17,0.26,0.099,46,0,0
1771687406.25,0.247,0.146,46,0,0
1771687406.31,0.265,0.231,46,0,0
1771687406.38,0.28,0.234,46,0,0
1771687406.44,0.275,0.279,46,0,0
1771687406.51,0.294,0.296,46,0,0
1771687406.56,0.282,0.121,46,0,0
1771687406.65,0.271,0.019,46,0,0
1771687406.67,0.278,0.0,46,0,0
1771687406.74,0.272,0.0,46,0,0
1771687406.8,0.276,0.02,46,0,0
1771687406.86,0.256,0.028,46,0,0
1771687406.93,0.272,0.028,46,0,0
1771687407.01,0.304,0.027,46,0,0
1771687407.11,0.293,0.028,46,0,0
1771687407.18,0.287,0.028,46,0,0
1771687407.2,0.27,0.019,46,0,0
1771687407.27,0.266,0.0,46,0,0
1771687407.33,0.268,0.0,46,0,0
1771687407.41,0.256,0.018,46,0,0
1771687407.47,0.289,0.018,46,0,0
1771687407.54,0.286,0.0,46,0,0
1771687407.64,0.282,0.018,46,0,0
1771687407.71,0.275,0.0,46,0,0
1771687407.77,0.285,0.019,46,0,0
1771687407.85,0.3,0.0,46,0,0
1771687407.87,0.302,0.0,46,0,0
1771687407.98,0.295,0.019,46,0,0
1771687408.04,0.286,0.0,46,0,0
1771687408.11,0.239,0.018,46,0,0
1771687408.13,0.259,0.018,46,0,0
1771687408.21,0.268,0.0,46,0,0
1771687408.27,0.299,0.019,46,0,0
1771687408.38,0.3,0.119,46,0,0
1771687408.4,0.296,0.207,46,0,0
1771687408.5,0.282,0.262,46,0,0
1771687408.59,0.316,0.27,46,0,0
1771687408.65,0.318,0.208,46,0,0
1771687408.71,0.313,0.23,46,0,0
1771687408.74,0.31,0.134,46,0,0
1771687408.8,0.312,0.019,46,0,0
1771687408.92,0.333,0.019,46,0,0
1771687408.95,0.335,0.062,46,0,0
1771687409.01,0.334,0.04,46,0,0
1771687409.08,0.328,0.019,46,0,0
1771687409.14,0.356,0.02,46,0,0
1771687409.2,0.334,0.045,46,0,0
1771687409.27,0.339,0.04,46,0,0
1771687409.35,0.34,0.0,46,0,0
1771687409.41,0.362,0.02,46,0,0
1771687409.47,0.356,0.0,46,0,0
1771687409.54,0.359,0.02,46,0,0
1771687409.6,0.338,0.0,46,0,0
1771687409.67,0.335,0.0,46,0,0
1771687409.75,0.339,0.021,46,0,0
1771687409.81,0.308,0.1,46,0,0
1771687409.87,0.309,0.079,46,0,0
1771687409.94,0.306,0.027,46,0,0
1771687410.0,0.317,0.028,46,0,0
1771687410.06,0.309,0.044,46,0,0
1771687410.15,0.314,0.028,46,0,0
1771687410.21,0.321,0.02,46,0,0
1771687410.27,0.334,0.039,46,0,0
1771687410.34,0.34,0.027,46,0,0
1771687410.4,0.302,0.04,46,0,0
1771687410.48,0.252,0.062,46,0,0
1771687410.54,0.239,0.063,46,0,0
1771687410.61,0.263,0.08,46,0,0
1771687410.67,0.267,0.097,46,0,0
1771687410.74,0.277,0.057,46,0,0
1771687410.8,0.295,0.043,46,0,0
1771687410.88,0.315,0.019,46,0,0
1771687410.95,0.316,0.0,46,0,0
1771687411.01,0.316,0.0,46,0,0
1771687411.07,0.307,0.0,46,0,0
1771687411.14,0.314,0.0,46,0,0
1771687411.21,0.321,0.0,46,0,0
1771687411.28,0.303,0.063,46,0,0
1771687411.35,0.315,0.122,46,0,0
1771687411.41,0.309,0.0,46,0,0
1771687411.47,0.318,0.02,46,0,0
1771687411.54,0.339,0.018,46,0,0
1771687411.6,0.325,0.0,46,0,0
1771687411.68,0.274,0.0,46,0,0
1771687411.74,0.256,0.0,46,0,0
1771687411.81,0.258,0.055,46,0,0
1771687411.87,0.254,0.025,46,0,0
1771687411.94,0.264,0.094,46,0,0
1771687412.0,0.261,0.027,46,0,0
1771687412.12,0.281,0.059,46,0,0
1771687412.19,0.228,0.288,46,0,0
1771687412.24,0.194,0.26,46,0,0
1771687412.31,0.214,0.283,46,0,0
1771687412.38,0.247,0.305,46,0,0
1771687412.42,0.228,0.362,46,0,0
1771687412.48,0.275,0.477,46,0,0
1771687412.55,0.267,0.112,46,0,0
1771687412.61,0.283,0.09,46,0,0
1771687412.68,0.281,0.0,46,0,0
1771687412.74,0.283,0.061,46,0,0
1771687412.82,0.275,0.047,46,0,0
1771687412.92,0.275,0.069,46,0,0
1771687412.98,0.28,0.215,46,0,0
1771687413.05,0.269,0.208,46,0,0
1771687413.11,0.257,0.181,46,0,0
1771687413.18,0.283,0.096,46,0,0
1771687413.25,0.27,0.088,46,0,0
1771687413.32,0.282,0.083,46,0,0
1771687413.39,0.241,0.021,46,0,0
1771687413.45,0.133,0.112,46,0,0
1771687413.51,0.214,0.22,46,0,0
1771687413.57,0.281,0.108,46,0,0
1771687413.66,0.282,0.03,46,0,0
1771687413.72,0.278,0.069,46,0,0
1771687413.78,0.266,0.022,46,0,0
1771687413.85,0.314,0.052,46,0,0
1771687413.91,0.328,0.121,46,0,0
1771687413.98,0.239,0.094,46,0,0
1771687414.05,0.153,0.0,46,0,0
1771687414.14,0.113,0.043,46,0,0
1771687414.2,0.105,0.019,46,0,0
1771687414.27,0.113,0.0,46,0,0
1771687414.32,0.156,0.0,46,0,0
1771687414.39,0.256,0.019,47,0,0
1771687414.46,0.273,0.0,47,0,0
1771687414.52,0.232,0.0,47,0,0
1771687414.58,0.246,0.053,47,0,0
1771687414.65,0.291,0.0,47,0,0
1771687414.71,0.249,0.024,47,0,0
1771687414.79,0.32,0.0,47,0,0
1771687414.85,0.306,0.05,47,0,0
1771687414.92,0.288,0.019,47,0,0
1771687414.98,0.287,0.0,47,0,0
1771687415.05,0.279,0.018,47,0,0
1771687415.12,0.328,0.291,47,0,0
1771687415.19,0.295,0.193,47,0,0
1771687415.25,0.301,0.032,47,0,0
1771687415.32,0.283,0.0,47,0,0
1771687415.38,0.2,0.017,47,0,0
1771687415.45,0.109,0.0,47,0,0
1771687415.51,0.225,0.016,47,0,0
1771687415.59,0.237,0.015,47,0,0
1771687415.65,0.225,0.015,47,0,0
1771687415.72,0.187,0.0,47,0,0
1771687415.79,0.201,0.015,47,0,0
1771687415.85,0.204,0.014,47,0,0
1771687415.91,0.229,0.0,48,0,0
1771687415.99,0.251,0.015,48,0,0
1771687416.05,0.242,0.015,48,0,0
1771687416.12,0.249,0.0,48,0,0
1771687416.18,0.269,0.015,48,0,0
1771687416.25,0.282,0.0,48,0,0
1771687416.33,0.313,0.014,48,0,0
1771687416.39,0.289,0.0,48,0,0
1771687416.45,0.298,0.0,48,0,0
1771687416.52,0.307,0.015,48,0,0
1771687416.59,0.3,0.09,48,0,0
1771687416.65,0.297,0.016,48,0,0
1771687416.73,0.307,0.0,48,0,0
1771687416.8,0.295,0.061,48,0,0
1771687416.85,0.286,0.0,48,0,0
1771687416.92,0.142,0.0,48,0,0
1771687416.98,0.166,0.06,48,0,0
1771687417.05,0.258,0.173,48,0,0
1771687417.13,0.292,0.0,48,0,0
1771687417.26,0.278,0.0,48,0,0
1771687417.32,0.299,0.0,48,0,0
1771687417.38,0.318,0.0,48,0,0
1771687417.45,0.261,0.02,48,0,0
1771687417.53,0.274,0.058,48,0,0
1771687417.59,0.272,0.019,48,0,0
1771687417.65,0.328,0.0,48,0,0
1771687417.72,0.329,0.0,48,0,0
1771687417.78,0.292,0.015,48,0,0
1771687417.84,0.298,0.0,48,0,0
1771687417.92,0.147,0.0,48,0,0
1771687417.99,0.069,0.022,48,0,0
1771687418.05,0.074,0.022,48,0,0
1771687418.12,0.085,0.034,48,0,0
1771687418.18,0.065,0.0,48,0,0
1771687418.27,0.062,0.046,48,0,0
1771687418.32,0.061,0.0,48,0,0
1771687418.39,0.07,0.0,48,0,0
1771687418.45,0.077,0.0,48,0,0
1771687418.52,0.075,0.034,48,0,0
1771687418.58,0.074,0.016,48,0,0
1771687418.66,0.088,0.016,48,0,0
1771687418.73,0.076,0.016,48,0,0
1771687418.79,0.079,0.016,48,0,0
1771687418.85,0.075,0.0,48,0,0
1771687418.92,0.086,0.0,48,0,0
1771687418.98,0.079,0.0,48,0,0
1771687419.06,0.092,0.0,48,0,0
1771687419.13,0.103,0.022,48,0,0
1771687419.19,0.115,0.0,48,0,0
1771687419.25,0.126,0.0,48,0,0
1771687419.34,0.104,0.016,48,0,0
1771687419.4,0.079,0.0,48,0,0
1771687419.47,0.094,0.076,48,0,0
1771687419.53,0.093,0.015,48,0,1
1771687419.59,0.095,0.015,48,0,1
1771687419.65,0.095,0.0,48,0,1
1771687419.72,0.096,0.016,48,0,1
1771687419.78,0.095,0.062,48,0,1
1771687419.87,0.1,0.031,48,0,1
1771687419.93,0.096,0.031,48,0,1
1771687419.99,0.102,0.032,48,0,1
1771687420.05,0.09,0.047,48,0,1
1771687420.12,0.105,0.032,48,0,1
1771687420.19,0.092,0.047,48,0,1
1771687420.26,0.099,0.0,48,0,1
1771687420.32,0.101,0.016,48,0,1
1771687420.39,0.1,0.016,48,0,1
1771687420.45,0.102,0.047,48,0,1
1771687420.52,0.095,0.031,48,0,1
1771687420.6,0.105,0.016,48,0,1
1771687420.66,0.095,0.016,48,0,1
1771687420.73,0.096,0.047,48,0,1
1771687420.79,0.091,0.016,48,0,1
1771687420.86,0.1,0.032,48,0,1
1771687420.92,0.097,0.015,48,0,1
1771687421.01,0.096,0.016,48,0,1
1771687421.07,0.095,0.015,48,0,1
1771687421.13,0.09,0.047,48,0,1
1771687421.19,0.111,0.031,48,0,1
1771687421.25,0.093,0.0,48,0,1
1771687421.34,0.091,0.031,48,0,1
1771687421.4,0.097,0.022,48,0,1
1771687421.47,0.097,0.046,48,0,1
1771687421.54,0.098,0.016,48,0,1
1771687421.59,0.093,0.035,48,0,1
1771687421.65,0.101,0.031,48,0,1
1771687421.72,0.107,0.015,48,0,1
1771687421.8,0.084,0.015,48,0,1
1771687421.86,0.088,0.0,48,0,1
1771687421.93,0.087,0.031,48,0,1
1771687422.0,0.088,0.034,48,0,1
1771687422.06,0.089,0.034,48,0,1
1771687422.12,0.082,0.046,48,0,1
1771687422.2,0.099,0.045,48,0,1
1771687422.27,0.092,0.076,48,0,1
1771687422.33,0.093,0.061,48,0,1
1771687422.39,0.093,0.077,48,0,1
1771687422.45,0.094,0.045,48,0,1
1771687422.54,0.087,0.077,48,0,1
1771687422.6,0.089,0.063,48,0,1
1771687422.66,0.091,0.077,48,0,1
1771687422.73,0.094,0.061,48,0,1
1771687422.8,0.096,0.046,48,0,1
1771687422.85,0.094,0.049,48,0,1
1771687422.93,0.099,0.077,48,0,1
1771687423.01,0.1,0.045,48,0,1
1771687423.06,0.097,0.047,48,0,1
1771687423.13,0.091,0.062,48,0,1
1771687423.2,0.145,0.077,48,0,1
1771687423.26,0.177,0.062,48,0,1
1771687423.34,0.259,0.062,48,0,0
1771687423.4,0.246,0.031,48,0,0
1771687423.47,0.269,0.049,48,0,0
1771687423.53,0.267,0.061,48,0,0
1771687423.59,0.27,0.062,48,0,0
1771687423.65,0.287,0.016,48,0,0
1771687423.74,0.285,0.016,48,0,0
1771687423.8,0.278,0.0,48,0,0
1771687423.86,0.265,0.0,48,0,0
1771687423.93,0.271,0.0,48,0,0
1771687423.99,0.275,0.0,48,0,0
1771687424.05,0.281,0.0,48,0,0
1771687424.13,0.297,0.062,48,0,0
1771687424.2,0.298,0.031,48,0,0
1771687424.26,0.319,0.059,48,0,0
1771687424.32,0.308,0.0,48,0,0
1771687424.39,0.324,0.0,48,0,0
1771687424.48,0.33,0.046,48,0,0
1771687424.54,0.322,0.016,48,0,0
1771687424.6,0.299,0.031,48,0,0
1771687424.66,0.33,0.0,48,0,0
1771687424.73,0.28,0.0,48,0,0
1771687424.79,0.256,0.016,48,0,0
1771687424.87,0.249,0.0,48,0,0
1771687424.94,0.15,0.0,48,0,0
1771687425.0,0.158,0.0,48,0,0
1771687425.06,0.18,0.0,48,0,0
1771687425.13,0.164,0.0,48,0,0
1771687425.19,0.154,0.0,48,0,0
1771687425.27,0.16,0.0,48,0,0
1771687425.33,0.184,0.0,48,0,0
1771687425.4,0.148,0.0,48,0,0
1771687425.46,0.211,0.0,49,0,0
1771687425.53,0.154,0.019,49,0,0
1771687425.59,0.176,0.0,49,0,0
1771687425.67,0.148,0.0,49,0,0
1771687425.73,0.214,0.0,50,0,0
1771687425.8,0.162,0.022,50,0,0
1771687425.86,0.245,0.0,50,0,0
1771687425.93,0.247,0.0,50,0,0
1771687425.99,0.259,0.0,50,0,0
1771687426.07,0.241,0.0,50,0,0
1771687426.2,0.203,0.0,50,0,0
1771687426.26,0.225,0.0,50,0,0
1771687426.32,0.144,0.0,50,0,0
1771687426.41,0.158,0.0,50,0,0
1771687426.47,0.192,0.0,50,0,0
1771687426.53,0.213,0.0,51,0,0
1771687426.6,0.244,0.0,51,0,0
1771687426.67,0.205,0.0,51,0,0
1771687426.73,0.181,0.024,51,0,0
1771687426.81,0.233,0.0,51,0,0
1771687426.84,0.2,0.139,51,0,0
1771687426.9,0.23,0.024,51,0,0
1771687426.96,0.219,0.0,51,0,0
1771687427.03,0.193,0.0,51,0,0
1771687427.09,0.269,0.0,51,0,0
1771687427.21,0.28,0.0,51,0,0
1771687427.27,0.292,0.0,51,0,0
1771687427.34,0.308,0.0,51,0,0
1771687427.36,0.296,0.0,51,0,0
1771687427.43,0.293,0.0,51,0,0
1771687427.49,0.312,0.0,51,0,0
1771687427.57,0.292,0.0,51,0,0
1771687427.63,0.295,0.0,51,0,0
1771687427.7,0.267,0.023,51,0,0
1771687427.76,0.281,0.023,51,0,0
1771687427.83,0.321,0.0,51,0,0
1771687427.89,0.328,0.0,51,0,0
1771687428.01,0.323,0.0,51,0,0
1771687428.07,0.321,0.0,51,0,0
1771687428.14,0.305,0.021,51,0,0
1771687428.16,0.315,0.021,51,0,0
1771687428.23,0.323,0.0,51,0,0
1771687428.31,0.327,0.022,51,0,0
1771687428.37,0.333,0.0,51,0,0
1771687428.47,0.321,0.0,51,0,0
1771687428.53,0.312,0.0,51,0,0
1771687428.6,0.253,0.0,51,0,0
1771687428.66,0.252,0.0,51,0,0
1771687428.74,0.261,0.0,51,0,0
1771687428.81,0.286,0.0,51,0,0
1771687428.87,0.283,0.0,51,0,0
1771687428.93,0.283,0.0,51,0,0
1771687429.0,0.28,0.0,51,0,0
1771687429.06,0.288,0.0,51,0,0
1771687429.14,0.287,0.0,51,0,0
1771687429.21,0.242,0.0,51,0,0
1771687429.27,0.196,0.022,51,0,0
1771687429.34,0.212,0.043,51,0,0
1771687429.4,0.297,0.022,51,0,0
1771687429.46,0.277,0.044,51,0,0
1771687429.54,0.296,0.067,51,0,0
1771687429.74,0.329,0.149,51,0,0
1771687429.96,0.309,0.355,51,0,0
1771687430.01,0.301,0.266,51,0,0
1771687430.07,0.27,0.0,51,0,0
1771687430.14,0.266,0.023,51,0,0
1771687430.2,0.272,0.023,51,0,0
1771687430.24,0.263,0.022,51,0,0
1771687430.3,0.225,0.0,51,0,0
1771687430.37,0.255,0.0,51,0,0
1771687430.47,0.241,0.035,51,0,0
1771687430.53,0.207,0.0,51,0,0
1771687430.6,0.181,0.024,51,0,0
1771687430.68,0.15,0.023,51,0,0
1771687430.74,0.13,0.0,51,0,0
1771687430.8,0.119,0.032,51,0,0
1771687430.87,0.119,0.0,51,0,0
1771687430.93,0.173,0.021,51,0,0
1771687431.0,0.17,0.05,51,0,0
1771687431.08,0.151,0.023,51,0,0
1771687431.14,0.158,0.0,51,0,0
1771687431.21,0.18,0.0,51,0,0
1771687431.27,0.196,0.023,51,0,0
1771687431.33,0.179,0.024,51,0,0
1771687431.4,0.188,0.0,51,0,0
1771687431.48,0.161,0.023,51,0,0
1771687431.54,0.159,0.0,51,0,0
1771687431.6,0.159,0.0,51,0,0
1771687431.67,0.179,0.0,51,0,0
1771687431.73,0.169,0.023,51,0,0
1771687431.8,0.187,0.023,51,0,0
1771687431.88,0.186,0.023,51,0,0
1771687431.94,0.175,0.0,51,0,0
1771687432.0,0.203,0.023,51,0,0
1771687432.07,0.175,0.0,51,0,0
1771687432.13,0.127,0.0,51,0,1
1771687432.2,0.136,0.067,51,0,1
1771687432.27,0.242,0.161,51,0,0
1771687432.34,0.264,0.034,51,0,0
1771687432.41,0.29,0.0,51,0,0
1771687432.47,0.236,0.045,51,0,0
1771687432.53,0.163,0.02,51,0,0
1771687432.61,0.23,0.03,51,0,0
1771687432.68,0.271,0.0,51,0,0
1771687432.74,0.284,0.081,51,0,0
1771687432.81,0.315,0.0,51,0,0
1771687432.87,0.307,0.024,51,0,0
1771687432.93,0.309,0.0,51,0,0
1771687433.01,0.208,0.0,51,0,0
1771687433.08,0.195,0.0,51,0,0
1771687433.14,0.166,0.022,51,0,0
1771687433.2,0.218,0.0,52,0,0
1771687433.27,0.225,0.0,52,0,0
1771687433.34,0.254,0.0,52,0,0
1771687433.41,0.232,0.0,52,0,0
1771687433.48,0.234,0.0,52,0,0
1771687433.54,0.241,0.0,52,0,0
1771687433.6,0.222,0.0,52,0,0
1771687433.67,0.207,0.0,52,0,0
1771687433.73,0.217,0.0,52,0,0
1771687433.82,0.211,0.0,52,0,0
1771687433.88,0.238,0.0,52,0,0
1771687433.94,0.249,0.02,52,0,0
1771687434.01,0.233,0.0,52,0,0
1771687434.07,0.306,0.021,52,0,0
1771687434.13,0.286,0.0,52,0,0
1771687434.22,0.251,0.021,52,0,0
1771687434.28,0.203,0.021,52,0,0
1771687434.34,0.184,0.0,52,0,0
1771687434.4,0.198,0.021,52,0,0
1771687434.47,0.192,0.0,52,0,0
1771687434.57,0.202,0.0,52,0,0
1771687434.63,0.223,0.0,53,0,0
1771687434.68,0.215,0.0,53,0,0
1771687434.74,0.205,0.022,53,0,0
1771687434.81,0.211,0.0,53,0,0
1771687434.89,0.189,0.0,53,0,0
1771687434.95,0.22,0.0,53,0,0
1771687435.02,0.225,0.021,53,0,0
1771687435.08,0.244,0.0,53,0,0
1771687435.14,0.263,0.0,53,0,0
1771687435.2,0.231,0.021,53,0,0
1771687435.27,0.211,0.0,53,0,0
1771687435.35,0.24,0.022,53,0,0
1771687435.41,0.234,0.0,53,0,0
1771687435.48,0.258,0.0,53,0,0
1771687435.54,0.28,0.0,53,0,0
1771687435.61,0.279,0.0,53,0,0
1771687435.67,0.275,0.0,53,0,0
1771687435.75,0.239,0.0,53,0,0
1771687435.81,0.223,0.0,53,0,0
1771687435.88,0.243,0.0,53,0,0
1771687435.94,0.259,0.021,53,0,0
